,pred
0,663725
1,663725.3893032296
2,411479.4546327144
3,453254.3411317914
4,602978.5303023309
5,626228.5418216808
6,311137.25378693634
7,231425.59039767832
8,556478.5787743853
9,224335.4667441174
10,566108.5692772269
11,520043.4595789611
12,519800.81716951734
13,219651.03406179696
14,370373.05969946086
15,710906.8478240371
16,963315.5969672425
17,646527.8239196166
18,598564.7704098001
19,129676.33864788713
20,648533.270586051
21,372410.3757691607
22,1418873.5921039728
23,171683.11694969234
24,208493.05865388364
25,228933.6561204493
26,632342.9515866861
27,338619.4517673477
28,536339.7533760369
29,314849.8032108918
30,634182.8332675545
31,649428.808225669
32,584626.9499756992
33,566545.7816716805
34,940247.4864916131
35,710301.4118831755
36,34451.46904409677
37,581330.5243293121
38,1276326.6810203344
39,196156.6038972363
40,250629.36559978127
41,506139.69697477674
42,433820.64582956576
43,414182.28390070796
44,382331.2371121943
45,471405.66845174873
46,903364.3618414106
47,563965.0524266809
48,752254.3751980291
49,438497.34739571065
50,235368.62430182096
51,910673.6905608922
52,562993.7907133474
53,132430.60579398274
54,738916.2747587337
55,436538.6990756914
56,505111.8859545663
57,940396.1299024674
58,284075.3064892441
59,531668.8895502911
60,615947.112952642
61,415703.65135078883
62,468589.7842033357
63,1191208.0476832762
64,707738.5143710822
65,364161.5156632512
66,1072985.4804767743
67,578122.5384855941
68,409965.9923645407
69,698649.0112787634
70,778093.4073882475
71,617793.2762302533
72,1074761.2425671741
73,-164154.02066857368
74,350345.11461003125
75,759583.5822706744
76,869245.9456558079
77,225676.38077027356
78,306338.311652489
79,371573.93130109453
80,480507.9438774512
81,765194.4240610003
82,582171.962808132
83,912214.4205526857
84,855107.1133024243
85,276860.2845397815
86,827074.7884237915
87,336001.103917405
88,-67309.1916609183
89,494742.37047708774
90,249973.86304371804
91,473888.6435009688
92,473888.6435009688
93,616879.4435997978
94,337424.49553902453
95,713339.7576856315
96,505462.0519275068
97,341758.01646625245
98,237476.0428541079
99,756034.5723487285
100,384993.84931638086
101,803128.7132406159
102,33052.50918669998
103,159928.836882703
104,-86541.55024782568
105,435392.6394445524
106,977415.7032920494
107,492349.02414464206
108,304132.8688024953
109,175778.83039875329
110,745902.8830816522
111,1690880.3910519404
112,863673.0957830547
113,206618.85774929082
114,303993.9599636122
115,455433.90405306226
116,580297.9905928671
117,1103806.7737112942
118,453966.4999628365
119,101401.02569254488
120,550622.666760996
121,690133.7874422893
122,1092909.507868163
123,520725.0014836564
124,793083.9718797281
125,304062.11090730876
126,318101.4243922457
127,467479.71729680896
128,287467.194110848
129,124327.16272759438
130,383129.0445343256
131,59033.12650500982
132,231436.4269656017
133,614560.1801161766
134,246048.53021329636
135,616995.5389265493
136,860683.1836676747
137,442663.3300942332
138,163997.01870167258
139,700986.8494760394
140,405430.88601310557
141,878990.9260862914
142,106524.9231986925
143,574098.7555194049
144,539281.6449924557
145,309159.2788710817
146,185178.25062346458
147,672532.6365540549
148,310067.79873596877
149,353455.6760346964
150,307922.6157031134
151,485720.47429455805
152,753222.2120386882
153,651501.6823935881
154,871156.3980354369
155,654636.9019896686
156,498913.70956882084
157,490375.57070736575
158,196443.50690762696
159,608570.9460055232
160,687877.8204640448
161,503836.58243457216
162,287269.31614511454
163,620005.6481968911
164,457006.778587833
165,587492.2257752866
166,530160.9887595251
167,417766.9067258537
168,512908.29438867414
169,1322137.8951072395
170,98902.55928756297
171,450274.4685941413
172,522896.72258391976
173,541101.2802624628
174,436210.57411986584
175,731104.7672606334
176,243526.4354761094
177,351588.57460389286
178,197310.36853814876
179,366243.93814691907
180,1086633.462725386
181,969236.1851684748
182,899177.2995805069
183,725472.3870294094
184,1613423.1923872156
185,523022.6411824972
186,805089.6180933787
187,146625.3928409219
188,601509.7091831565
189,205380.05701464415
190,458888.81944899267
191,728869.5028583109
192,478692.5023139045
193,466835.45162262017
194,355637.3216141686
195,415861.50437171763
196,335381.0752097219
197,623283.763646163
198,473369.67751701927
199,451853.58186887205
200,260887.8271250129
201,253296.0374011248
202,440644.256536901
203,719534.821370028
204,983873.9941593407
205,251381.58735410124
206,128427.10435291378
207,508120.5887280777
208,1106776.275379978
209,268142.4085246622
210,114008.99711740017
211,658782.9837783723
212,490191.2860591561
213,108910.06504194437
214,226587.0166218057
215,806681.9353839009
216,252881.89024463293
217,714372.4030467197
218,1369592.1672775298
219,289196.9595749601
220,422922.6718939021
221,797094.0717242658
222,449855.7119303941
223,1194890.020248428
224,634118.1364328936
225,351337.12301307166
226,815800.03544458
227,366051.7576754391
228,278518.2938186601
229,674685.771208547
230,583777.6521528736
231,1060754.0392094925
232,616548.1490030587
233,81780.83872808516
234,228854.57044609636
235,548567.8828522712
236,553495.4990336895
237,550041.7700329497
238,209934.69114406407
239,502850.18141875416
240,646846.4597789496
241,282560.7652273104
242,564052.9804643319
243,137796.7215021029
244,444122.9283035472
245,466658.82900956273
246,12923.023845270274
247,653832.2451037318
248,430606.52341879904
249,604029.3793295695
250,526525.4780993536
251,781079.8653174414
252,559409.0497423112
253,323771.4354677573
254,405499.8713049888
255,502948.12477145344
256,527315.3550326005
257,392793.87649458647
258,621743.9093093723
259,483620.3368905931
260,417452.7609672621
261,1008542.2122769207
262,631529.9135505632
263,720961.6538642049
264,172872.93693498522
265,614188.5159971043
266,493198.7760965303
267,240459.1395434365
268,2212732.692252301
269,366342.5908196717
270,1030923.1231295541
271,1197376.2629260046
272,156400.0475466326
273,752536.6725016237
274,501044.5043720528
275,420494.29841867083
276,923252.0402525738
277,275866.08957438916
278,566068.732743971
279,921507.3272560089
280,1021576.4242515936
281,645310.2244367003
282,159784.0651356727
283,282382.6502261684
284,475612.5877364873
285,950724.0852912365
286,88841.92761571705
287,360302.8743304387
288,224472.95097652826
289,444981.5258706585
290,34381.9775500074
291,22524.926858723164
292,839418.3342655225
293,-43652.61873420328
294,407241.84627901757
295,647445.9540847838
296,905513.7391933723
297,543905.6514085905
298,943993.706090331
299,466924.8937666119
300,566897.6290903836
301,375060.9063029811
302,205879.18590992686
303,922494.277500525
304,821158.8730114327
305,460281.5049000383
306,1147946.2832732943
307,635949.4505655915
308,274796.1945787445
309,150533.79307442906
310,1378112.6723178925
311,1155675.3799978942
312,46522.1442020014
313,46522.1442020014
314,46522.1442020014
315,28236.274423316117
316,744100.2628398836
317,535857.7893108205
318,814288.5120919493
319,673031.5355457588
320,440987.94142045826
321,257399.92560543868
322,596426.7570534572
323,105070.67865213752
324,173912.0390985608
325,226588.6680729613
326,416731.93228100234
327,184823.99824145442
328,485587.0264205039
329,592587.5252318308
330,-65529.256744951
331,456635.1482711658
332,575409.5217713937
333,36048.97067970037
334,393227.8788486868
335,543824.6395576447
336,508328.00405526155
337,529101.4603330119
338,129541.54472550748
339,1045226.4277561086
340,576246.6670073494
341,170960.55230673403
342,847154.4107802361
343,630052.3146790713
344,320633.0425417498
345,351112.52151789516
346,414766.5389738828
347,570900.5744169131
348,823169.1746599746
349,328531.7026524097
350,758699.1997834815
351,374474.31288070977
352,505544.99297601724
353,541013.2585943714
354,333689.4274069518
355,175013.5058958307
356,482451.2797816842
357,1599141.2923745885
358,1085794.0277991963
359,1001166.8621936293
360,574139.5770074427
361,228056.6913175583
362,508564.3294504656
363,651040.6314442529
364,440080.2277445495
365,809129.3100253043
366,813496.5038717389
367,1421213.3019270524
368,195188.08586207777
369,206339.0296790525
370,738833.6258646623
371,155959.82639516145
372,237180.38599877805
373,513961.38179481786
374,175746.4448032528
375,822785.8092717825
376,862276.7827875019
377,554270.6656548904
378,474131.6070357263
379,441584.8209872469
380,647852.603969924
381,555097.9984730333
382,812029.8729240148
383,218707.23798140883
384,494252.5567749516
385,520424.4773679973
386,541187.6675378905
387,898115.5725428314
388,771920.8273240924
389,1370498.8731455803
390,250072.5921936631
391,1002937.0755815805
392,777570.8820741028
393,656034.181285739
394,285550.0792576745
395,394003.4619466439
396,721280.8832322956
397,418110.9300875887
398,732316.5461807771
399,688823.6444050074
400,1011973.4624381887
401,209483.27150936422
402,774066.2399521767
403,261937.1235565394
404,203813.974689208
405,243341.19624762237
406,713143.6659607439
407,449592.21458379173
408,319983.7680525929
409,475276.4982317239
410,534104.732110396
411,302005.05972217023
412,651317.0234822854
413,898780.4092318118
414,263658.78411635756
415,600192.7796230316
416,14074.850255943833
417,938036.2237176967
418,410591.9328443557
419,750993.3451071976
420,567223.3449962139
421,811681.331438534
422,690365.5256962925
423,747741.6098278984
424,197114.4183873236
425,301712.37483289844
426,643601.9664255455
427,81835.28345716745
428,498767.8571918607
429,579586.0431777984
430,440604.8526336029
431,934794.9657897577
432,213529.57027067247
433,828936.0285209491
434,468468.6094412431
435,505838.53033102304
436,627405.9235418515
437,951504.070288457
438,449512.66286137694
439,608130.3047986849
440,466419.50226473046
441,604558.7217137888
442,574152.3431732656
443,497497.28026878834
444,920034.3143595756
445,510905.5230517834
446,306994.7998508215
447,445276.3561576381
448,513856.20140381897
449,288002.3554529324
450,292275.06004962325
451,968007.1926126108
452,717035.2119706273
453,854079.67874109
454,1004212.5334735065
455,249309.573909603
456,421361.9598918259
457,449030.04817292094
458,612213.7247512862
459,266773.99431514
460,534883.9675837308
461,29409.29989913106
462,895758.6970593256
463,27472.999160334468
464,359955.1065711007
465,603183.6721152365
466,1356274.4683377743
467,609573.3061329275
468,443847.14286556095
469,676624.7154500409
470,472469.9249645322
471,514419.68504508585
472,241341.46829319003
473,708350.180236131
474,708350.180236131
475,441460.4101744295
476,566971.4558150396
477,1828658.8240626452
478,249270.97151937333
479,446137.7214688882
480,906875.5185315832
481,224756.39805948734
482,428970.2398582175
483,449036.2539160475
484,511164.02764892584
485,534624.8162111789
486,747394.2386579289
487,364663.98919630796
488,686924.3283879532
489,846200.5850926712
490,978415.128232643
491,485719.7409259528
492,-7110.020822905004
493,380634.0384618864
494,262613.2637744248
495,546902.4825302288
496,791776.3129523024
497,659093.4903280734
498,379123.2075465322
499,493619.10384763783
500,291147.6739347502
501,636265.9938363804
502,406070.9844292253
503,524660.0678883493
504,501755.2398067862
505,456287.73848083615
506,566544.0818180442
507,314204.5134079382
508,391531.8471712842
509,396607.31633358455
510,241993.19583364573
511,385551.9628271982
512,434753.96916552633
513,601326.185965091
514,720077.7213994786
515,398921.85303610563
516,530745.1021106765
517,154196.6027011573
518,404530.52172110975
519,841306.4927469044
520,212051.82911966738
521,129169.1752044335
522,666439.8495885432
523,660024.6135474145
524,407224.91137324274
525,713955.9002627805
526,668172.1203385219
527,706385.176971875
528,454956.4399017915
529,154162.41228891164
530,249979.0922009424
531,376706.5926307067
532,737906.1109866276
533,664143.601931937
534,373008.38116539276
535,302905.85139165074
536,297418.55225777626
537,986154.7612453477
538,761656.4974472151
539,407210.2385204136
540,365618.7429457083
541,668764.878611058
542,681515.7583534196
543,519295.81392875314
544,596865.9028490111
545,623146.6011141539
546,290187.46507605916
547,583249.9435272142
548,1320637.777947627
549,338244.42594801635
550,75984.00412806123
551,159555.8441870436
552,289979.646623075
553,262089.84137023985
554,793692.5695750042
555,216418.04939351973
556,459419.9248558282
557,139873.08027674255
558,625335.0401158854
559,569355.5518057494
560,437328.755236037
561,537952.8594062923
562,549809.9100975768
563,423713.50961595774
564,897580.2173694968
565,648482.6967376992
566,718132.9456062393
567,489852.22775445884
568,579547.8603106813
569,1142213.0389403105
570,609385.1431547031
571,383181.50627017766
572,118791.56192204356
573,677811.1567749009
574,467085.1579039469
575,479183.4371188282
576,828727.1937819719
577,221049.35481937972
578,346472.20329786086
579,401431.1904020608
580,666132.8439402208
581,556565.3293751478
582,876839.4627436845
583,86286.1581676677
584,351168.7771484852
585,416586.49843315774
586,498848.7768857554
587,215711.41143986586
588,439957.8385903016
589,637958.6867568493
590,471804.2533921077
591,414865.1231078133
592,419978.30450306827
593,476071.26190157974
594,378954.3704551457
595,673488.765842557
596,153650.84203890714
597,173684.78065536916
598,844391.5411408023
599,554009.0304094404
600,515997.4327250272
601,725114.9585774764
602,205494.23641411212
603,263861.5668891892
604,652249.2819355875
605,1305241.1593230066
606,197423.6591828987
607,1273542.4458069277
608,244969.30935606363
609,1737216.8458870875
610,615924.8825304584
611,126858.39754202217
612,1760536.588392138
613,683635.3512911499
614,980532.1461151317
615,638947.0334248319
616,185574.54642332342
617,386275.661929816
618,379099.63517455757
619,433596.7806135118
620,560675.4366428108
621,678989.4460758568
622,438976.29310279334
623,481569.7171655744
624,306510.6498304009
625,331383.86915345484
626,788095.8422496467
627,319967.2515067011
628,535159.9949414358
629,976920.9877392275
630,356376.83754603565
631,520721.75247062
632,199088.80086386204
633,562248.1285348384
634,514331.5491645561
635,630347.7989446968
636,305262.07884979993
637,324077.37723214173
638,381483.78745947033
639,366423.8557413221
640,653813.5065561234
641,483616.7788029909
642,676574.7322214395
643,161699.34290417284
644,117947.52841190992
645,705818.0016161351
646,473317.0695031955
647,457643.5775508136
648,827117.5983892755
649,439655.71187481284
650,563219.4473538548
651,1288151.0255773666
652,585734.1304016337
653,119422.01703604311
654,582545.2690340132
655,393485.4029506593
656,199849.75849999487
657,365005.4449786469
658,498073.2283836455
659,1125468.1505394878
660,330889.23993378127
661,626653.7706006466
662,976700.0545131936
663,756384.6331033186
664,418141.73613516235
665,436011.23478204757
666,815332.2198280842
667,676671.2217629477
668,862600.267853774
669,35537.71830561012
670,1312222.623652555
671,164085.72564918548
672,1009790.1865905075
673,707863.9067735969
674,129776.59867870806
675,455788.76318429405
676,324150.85880447173
677,522499.31415092206
678,478319.9624526649
679,561250.4365183712
680,710859.5023815854
681,423836.28504928196
682,593053.4248707591
683,370288.6012546867
684,379532.4394889772
685,554947.860774748
686,378818.8633508756
687,393464.7959211991
688,480609.67323339725
689,623147.1674353257
690,1649990.2444277331
691,409946.08812870085
692,415833.56922852993
693,378635.17849438643
694,366045.15066394955
695,516069.39867191756
696,277905.16893757886
697,493063.82278312
698,328283.94199500233
699,824906.2654642387
700,363411.85801450163
701,375800.8335479424
702,412986.2109195665
703,541344.1160411389
704,487515.31334882986
705,1626174.0264817104
706,200765.4534644857
707,732679.0073581637
708,294243.23760651046
709,631993.6603636593
710,77473.22198641299
711,742030.5478243827
712,844089.4438544287
713,268747.3539862037
714,940239.8551661893
715,812249.7537505998
716,404517.8211873396
717,563400.7359249964
718,303065.49331106996
719,705748.7014993355
720,537161.5114863589
721,710499.5901595578
722,805703.5825440659
723,370536.6690889821
724,319731.43717060983
725,627578.8796030805
726,489405.259329602
727,439064.59663076693
728,293634.9405566603
729,357024.956487432
730,298319.29681506753
731,448142.53418180346
732,493363.4118928164
733,781329.916527532
734,853766.4094433486
735,603802.1707234234
736,455188.7751049772
737,409774.1059241444
738,357599.11935111874
739,573578.2696591467
740,414609.6390483826
741,620567.6140966639
742,-177402.15963394943
743,636035.1678067595
744,721334.4668959826
745,267741.0789544359
746,467616.3455815166
747,932351.4878104405
748,289601.68789288396
749,175501.1885623634
750,420134.93640375877
751,662577.8756496236
752,153733.19621933252
753,471407.1736684889
754,360214.29849953944
755,766921.2258859425
756,360937.2394500748
757,406637.74583968514
758,558976.6791450605
759,197629.92200608552
760,1054677.9774236307
761,620632.497050859
762,8008.210886642337
763,596122.4307212533
764,340118.248172991
765,574229.9771987423
766,785217.4616981596
767,1102852.2003470135
768,244422.99110104892
769,152686.20121825484
770,532824.1512516141
771,519639.55548172456
772,540435.7019746453
773,228023.82916406542
774,179832.88209867477
775,391691.1259537116
776,654226.2315578237
777,550167.9067825004
778,448558.6781228929
779,1120968.736667566
780,501135.7034768016
781,1046466.8833686262
782,715768.4675723314
783,971638.5581872761
784,348238.66564895207
785,1390412.6864333746
786,473798.18909138447
787,310352.5110071525
788,466349.902214244
789,891398.2990495265
790,461898.84527123725
791,117985.62364044783
792,649916.9470717385
793,827037.651059702
794,-159091.3469985202
795,411650.0115014091
796,622608.8378899544
797,849821.8652887867
798,413480.46221408993
799,295315.69607438886
800,281764.22121971846
801,520658.2795702665
802,-67060.29041167349
803,668948.8470095174
804,388773.94242116064
805,395028.28199366474
806,258222.54372067747
807,892329.5577280297
808,1007043.1842294335
809,196851.4003483802
810,548188.5828747824
811,1499640.982167542
812,256296.21064948285
813,798312.7062437831
814,372185.32736668736
815,651912.2338386177
816,83781.43730477241
817,354515.4874389097
818,264233.391438134
819,817224.4333342015
820,144128.60836848617
821,1139770.51147864
822,166393.44794728604
823,369036.6251826957
824,707534.1236159578
825,590954.9722801521
826,395492.2794906125
827,514713.7001610919
828,542271.2448081151
829,570077.7130068168
830,1046084.3195075317
831,807289.5162445008
832,663756.4877251984
833,138938.54408046606
834,242645.84093829984
835,300258.5604331121
836,267966.42668130994
837,606518.6242791265
838,393428.4052475988
839,406194.73897495115
840,884621.8812799678
841,392318.6707178503
842,549392.1340281665
843,781505.5337617546
844,427967.5566412658
845,578621.6501754522
846,579641.258303918
847,622850.8787051067
848,885651.5107121094
849,569939.1211734042
850,447378.5864679515
851,234569.67889994383
852,615032.196953416
853,519704.7029404417
854,696845.0217737034
855,533202.9071648866
856,1581775.148258783
857,579214.8799082412
858,384988.0418864861
859,610718.5014588385
860,400381.73535458744
861,431663.63090484584
862,1019109.6600133479
863,447881.86226116866
864,775301.0752697884
865,429515.33376426995
866,539937.7904418483
867,410373.9761906713
868,806601.9603348598
869,497524.0413394272
870,363613.1382372454
871,704592.1952495502
872,345554.9503232092
873,735040.2964637056
874,319688.02701134235
875,356281.74054735154
876,148557.85658418387
877,372936.4191733823
878,249618.44492951035
879,625264.7356057839
880,443475.92942204326
881,396198.85477273166
882,197806.2586123049
883,367975.8391071707
884,420490.13709919155
885,461230.4269314855
886,175421.85981340706
887,597268.338547729
888,424244.8401983529
889,510012.6105842516
890,617014.8017348796
891,222138.52425727245
892,543297.7643010989
893,1143025.3983861727
894,364828.8837126493
895,916984.4221441299
896,297914.74026078725
897,183586.29252792895
898,723939.7583815156
899,871183.7579118015
900,461766.1588879153
901,216416.9731922448
902,533851.1521717086
903,711739.8904363812
904,318831.6436693966
905,896174.4884446488
906,1007160.4924245625
907,486505.2758477853
908,567817.6698769553
909,2239061.2188076708
910,1437940.46860604
911,465511.80561637133
912,1053501.756755598
913,323758.1130487769
914,809603.5406135544
915,518237.52477104217
916,1407589.0402682426
917,536504.2645641714
918,1865755.29380158
919,1062275.556993328
920,285686.64406990254
921,422440.8641960397
922,392696.8932855948
923,386941.94128319615
924,379315.65004687005
925,335036.57457944006
926,624697.7210984008
927,537232.008141689
928,302417.03229913116
929,271325.1037713513
930,173895.0730315596
931,235389.61929859218
932,474021.3773095086
933,420899.1760517805
934,415044.27416229993
935,419745.28840979195
936,1440155.918366231
937,309993.56045338506
938,200562.92163950202
939,594175.1392638981
940,231800.750509128
941,233563.64207281923
942,448699.0398313403
943,436386.0446295887
944,436386.0446295887
945,476035.437859036
946,570221.9579427317
947,554703.1041202843
948,873717.1297088044
949,511165.95936165005
950,968822.1822177095
951,695037.4930771813
952,161458.90641126782
953,546579.354685597
954,408188.50354891276
955,375799.84289405495
956,399293.69613695884
957,334666.5175301581
958,1063023.6739915758
959,638587.3223992437
960,425841.0809526518
961,216497.95402628186
962,815750.0542947055
963,409124.8351122514
964,436949.2622151821
965,406310.1457022727
966,1111504.5138782042
967,602461.0585650802
968,321464.73087872565
969,722896.7117402254
970,522665.43449023366
971,744993.5723763853
972,198038.97426752
973,475509.18093317
974,324677.2581982165
975,144276.21174635738
976,1473370.240106806
977,495667.39192208654
978,252020.07416342202
979,442307.5821653754
980,91601.16453678162
981,198965.28341569006
982,833112.6691520809
983,574448.7578438668
984,575179.2308093234
985,970136.8929721862
986,493517.8757536337
987,431554.6888155416
988,359018.59138257796
989,322788.06493438774
990,373973.79750224954
991,1142695.0253318772
992,505028.0202436968
993,194003.65042988956
994,186206.71160793304
995,360086.49731716514
996,597910.3787536174
997,1446406.4899328353
998,897462.7696386353
999,409854.7258225754
1000,213083.0255551413
1001,910150.0376804769
1002,598698.5069977269
1003,382765.5954030081
1004,456484.6336472257
1005,483425.92205249524
1006,-29700.202720090747
1007,497749.93951732665
1008,496808.93573582923
1009,574295.101194322
1010,417120.86215297127
1011,618317.8345077559
1012,2071066.9979096726
1013,258363.35120464122
1014,949140.4000681936
1015,463310.95451796055
1016,700444.1446021348
1017,673230.9383278488
1018,312554.4018559307
1019,538536.6891452894
1020,493681.2187806368
1021,336373.0448958725
1022,437319.4371443987
1023,901420.8314991964
1024,550452.0959669574
1025,468170.2074443996
1026,821780.9892737715
1027,623620.5237063244
1028,439538.6245320289
1029,939487.6534902378
1030,327723.96584013104
1031,29866.5333135426
1032,745188.7363910748
1033,81387.03874583542
1034,883690.8826106339
1035,175602.3216214925
1036,419459.18411272013
1037,842059.7090641111
1038,1611887.9523236454
1039,783684.0106840208
1040,573900.1582246795
1041,683293.2344366908
1042,412789.46826768667
1043,675388.4673904778
1044,623477.2526430412
1045,555799.0328287929
1046,332302.8410164863
1047,638677.0994152576
1048,262116.40165017542
1049,457356.58705019206
1050,365479.8210322112
1051,664263.5737330765
1052,497220.11731518054
1053,419371.79935675854
1054,373301.00565533334
1055,180126.93267926574
1056,657617.9164025038
1057,394582.4820652604
1058,320177.5971893966
1059,441554.4793980643
1060,669981.0995224491
1061,296268.8507049754
1062,237157.542445004
1063,325438.5185976699
1064,447602.3561463356
1065,348629.6607823968
1066,213785.65413210538
1067,988540.7092529606
1068,552312.1042237282
1069,236805.5634737164
1070,373947.98145756125
1071,258291.07541385293
1072,851580.3341155424
1073,693821.572644405
1074,170651.10058235377
1075,637794.927742824
1076,1530816.5165188608
1077,858072.251351893
1078,339025.98384058475
1079,528190.6372068152
1080,242472.80047448722
1081,364099.0848543793
1082,410086.8358217329
1083,700615.5137078017
1084,185471.68723470718
1085,1010482.6513133049
1086,364516.5622306317
1087,548049.6186168492
1088,647335.180807203
1089,-448481.4154847413
1090,84484.98762177677
1091,464484.5588349254
1092,1267166.7514798942
1093,455651.2272962778
1094,927361.6131099836
1095,421749.02775802463
1096,181258.89655329284
1097,462750.7479641363
1098,426023.4504244924
1099,561414.2410758883
1100,598428.7916223258
1101,137568.4228502065
1102,918693.5268137902
1103,864563.622820407
1104,370705.9218119234
1105,702850.0029658377
1106,169317.6338820979
1107,292530.11958110327
1108,256177.35623837265
1109,345395.37886918336
1110,926554.777920723
1111,454770.61868072307
1112,1121586.628218241
1113,220214.65035142004
1114,731558.4430773928
1115,598896.2083634137
1116,339510.8073880821
1117,733560.7770541533
1118,737112.2019637823
1119,1804379.8553166387
1120,544860.1712940483
1121,490132.86756856
1122,1276129.1442781389
1123,359288.4226907268
1124,1414279.0571080297
1125,854442.2841428294
1126,627572.5164548754
1127,247733.05097689477
1128,492158.62153463805
1129,187822.869968459
1130,541736.185591705
1131,250435.10514534265
1132,90407.86515203863
1133,681902.7879612072
1134,222902.56109634042
1135,350727.3718076796
1136,648742.304682523
1137,1575175.420869209
1138,559128.3631186484
1139,258686.67089535293
1140,395010.4895958901
1141,691405.975240305
1142,1134115.1266404986
1143,143699.0427388027
1144,637107.2591292785
1145,414408.07528851187
1146,161786.3481320813
1147,894290.4386618213
1148,591519.9459677935
1149,258893.37244795266
1150,315930.86577895284
1151,305342.40892521286
1152,592336.9394297153
1153,590545.6287583187
1154,405961.0091493726
1155,491305.6265127509
1156,284035.07766078407
1157,622947.6804067567
1158,371409.02786006033
1159,512173.05446957046
1160,359539.6256135852
1161,1020108.4250316992
1162,386251.06277995557
1163,214025.58724236488
1164,1023987.8122198135
1165,2092512.2978755122
1166,162495.1048169136
1167,365956.8895673379
1168,470483.0914619565
1169,349003.5172841847
1170,1174747.565129645
1171,991828.8161361067
1172,228063.1587605551
1173,383920.7686454653
1174,228070.00307171792
1175,708882.9925183803
1176,268636.92791252583
1177,357548.9623852
1178,156664.06401100755
1179,443818.46610111
1180,185405.5170451552
1181,838249.7424168959
1182,267678.9446344822
1183,644654.358665511
1184,430897.41439624125
1185,327474.6063955649
1186,226355.16871112582
1187,2134427.736156035
1188,178579.77136327323
1189,355621.29118970037
1190,415938.304277353
1191,105769.92648015916
1192,1534892.2608968837
1193,578712.7142726704
1194,314570.13557905704
1195,593929.5034658387
1196,481684.0837018862
1197,316556.7056425884
1198,426446.87771066284
1199,534189.5350067242
1200,646137.2832912953
1201,481033.8336469456
1202,700929.0929588005
1203,412496.15091088414
1204,554318.9758500755
1205,793735.590203032
1206,335935.3090791851
1207,347848.0972680375
1208,103067.24498728663
1209,414987.16408056766
1210,309559.7312453687
1211,526013.2050863727
1212,572421.0283193514
1213,679353.9196628556
1214,299646.3757932186
1215,659551.9227907659
1216,454451.78972852975
1217,539202.7638983801
1218,10388.946006983519
1219,732114.4794026315
1220,375479.71774142975
1221,1186371.8172135502
1222,923011.1952308788
1223,446986.71854590625
1224,276238.7235271484
1225,416954.40835866326
1226,783577.2546509057
1227,427367.45212159306
1228,309523.72797244036
1229,1217147.1873996335
1230,940204.8871510772
1231,554860.2459406703
1232,408400.4629776255
1233,576699.9460526556
1234,256382.79857986415
1235,642027.2423259914
1236,653745.1462458298
1237,311429.2500075847
1238,74778.45674800126
1239,936522.7885712462
1240,376781.7547490671
1241,517869.7030360549
1242,409991.3205901384
1243,668049.7223754079
1244,551195.2237188965
1245,1126466.5971398947
1246,806747.2139834389
1247,188062.11173389846
1248,402393.67990230775
1249,812355.0757803322
1250,436276.6480289772
1251,551425.1718211846
1252,610518.3203069121
1253,1027888.9327870159
1254,522186.28607857967
1255,308784.70412153006
1256,399370.2602329925
1257,613176.297092855
1258,851521.6434770152
1259,144586.6263192892
1260,488313.70430964977
1261,463254.8358948603
1262,761015.850734271
1263,271837.02350983775
1264,803240.1921627223
1265,1112855.4805458637
1266,2090829.017705433
1267,538418.0832286403
1268,159138.81627252698
1269,563015.5732730554
1270,343397.2124183401
1271,349724.7566723898
1272,624103.1426410154
1273,838296.1896246298
1274,163096.75397972015
1275,163096.75397972015
1276,62090.51013391465
1277,758958.6209314017
1278,1015231.4703161715
1279,534047.281172514
1280,552696.038420707
1281,190999.58135153356
1282,272478.75129273534
1283,791456.1373652816
1284,368681.34892178327
1285,748734.1770555155
1286,245007.28085098413
1287,315233.2326184884
1288,246138.8361557498
1289,58528.80084733666
1290,597627.4550484493
1291,436842.6718636677
1292,537375.8784184529
1293,754660.538255848
1294,237364.2203619108
1295,458536.1821744964
1296,301960.2825797498
1297,241162.19074751443
1298,489052.8633351326
1299,792800.4206079093
1300,215844.96771355718
1301,416027.3769790456
1302,665051.7299847305
1303,391134.0221560001
1304,1777297.3889849777
1305,208493.24200115356
1306,685141.5742372796
1307,967695.8386011347
1308,369979.5899983272
1309,627566.8534397334
1310,20233.352082796395
1311,398418.3044081255
1312,447749.44151568407
1313,922643.0720705164
1314,278036.934734717
1315,317612.7821831181
1316,889280.2121361718
1317,1315994.8563452363
1318,398488.6100009159
1319,568490.9011893793
1320,203812.36915086207
1321,344843.82496010506
1322,518149.8746375293
1323,511900.0924559236
1324,465523.086437285
1325,414510.7512752413
1326,400382.87459081406
1327,559999.4107940868
1328,573719.7731187345
1329,653728.7570232152
1330,230448.4304234013
1331,710495.2702566087
1332,510404.4130871892
1333,476709.7358897478
1334,733783.8351649195
1335,669686.2317612693
1336,1274784.378009498
1337,271538.58670571446
1338,935147.7133527995
1339,275915.24730435014
1340,654675.1939403117
1341,1178513.630117029
1342,855458.3275250793
1343,709941.267659612
1344,563106.088466391
1345,30676.854164473712
1346,777589.3909510822
1347,37126.99660915136
1348,621269.1485376433
1349,518973.7094452828
1350,465294.9280508235
1351,780582.936615795
1352,379367.57279748475
1353,954644.2276776206
1354,444267.90417235345
1355,359028.9143630937
1356,224746.62539155778
1357,604116.0281352401
1358,527374.1377127917
1359,441981.4755004868
1360,438327.0071943252
1361,840537.1344682649
1362,538298.6435261817
1363,477710.6287795232
1364,216392.41343743354
1365,953537.0981129408
1366,646645.8370921314
1367,104438.24660117182
1368,714057.1964765787
1369,584885.1475868002
1370,607784.2305529937
1371,749492.6320984587
1372,366281.0213446096
1373,460652.55255548656
1374,224551.50660867247
1375,479516.2480386569
1376,821307.8982453494
1377,501350.381830573
1378,423356.71632389724
1379,518322.07974641764
1380,794901.5064952151
1381,414496.874429062
1382,468856.92870268226
1383,527685.9675025195
1384,295760.0472772047
1385,1168675.01596383
1386,603386.8375757335
1387,299347.13457155967
1388,289106.2655849382
1389,317796.7804277688
1390,746559.7476870044
1391,200648.45096505436
1392,533501.07759431
1393,367753.02279617643
1394,481733.5113950522
1395,422163.1852060109
1396,726304.1925807744
1397,464389.9442523122
1398,665562.6306934655
1399,377786.2171543911
1400,603436.2515868694
1401,275403.83318356425
1402,567035.8629253805
1403,183882.82941372687
1404,917990.81578622
1405,512526.0199530498
1406,762306.001791276
1407,488389.67788004124
1408,419946.0096148476
1409,410238.04066465044
1410,746165.4529979898
1411,872899.9424832986
1412,500824.9849355593
1413,435003.3058079631
1414,435003.3058079631
1415,307766.8865405619
1416,295909.8358492777
1417,367908.47404386103
1418,781240.2553297876
1419,659103.3373549283
1420,279077.9524238781
1421,138732.20966762304
1422,419599.328562215
1423,249494.63971123096
1424,464603.4520942717
1425,1100050.7714474946
1426,1092869.0436055958
1427,583.1474880054593
1428,853218.542532593
1429,367712.22472448647
1430,327846.02354978025
1431,608171.8660446107
1432,1448480.5267286822
1433,-65154.66510336102
1434,424627.4920523912
1435,263823.4823247641
1436,850084.6281328648
1437,207208.2845331952
1438,108192.40162076801
1439,255865.82216637584
1440,579630.3537175059
1441,1216248.85006652
1442,346766.4676404073
1443,536834.4442995489
1444,409488.70692097396
1445,262756.16679858416
1446,393837.32824441046
1447,362782.2618649528
1448,317797.400909096
1449,314659.9308898151
1450,682396.0275735855
1451,486111.0412325933
1452,109776.48945658654
1453,569505.5457780585
1454,664829.3268381283
1455,208629.20737270266
1456,748940.5366362481
1457,199753.18593019247
1458,930981.1598609015
1459,229775.48336815837
1460,652820.9736533388
1461,53181.791836299
1462,874449.1039642022
1463,453945.98088813573
1464,583461.040474169
1465,410709.6369503364
1466,896396.7652174978
1467,607049.7795250267
1468,775389.1731971578
1469,551556.5140093267
1470,849276.654837109
1471,495895.0137298106
1472,380219.8732000068
1473,392076.923891291
1474,804746.9585803672
1475,382092.22713630646
1476,514274.0762960239
1477,615747.8666219339
1478,1761514.790409498
1479,630800.1110308617
1480,852941.563399583
1481,423828.23981344694
1482,259464.6059895307
1483,365109.44179308414
1484,585521.1405306235
1485,1021446.4361092371
1486,1015154.5576329154
1487,594397.6916674078
1488,314978.4175466895
1489,1010875.0424744039
1490,455216.2533609271
1491,441684.6877842769
1492,1496155.155198574
1493,604709.542648472
1494,199697.58796623346
1495,703984.1174201072
1496,244686.96059620383
1497,768468.2042085306
1498,413742.75110061467
1499,594802.591629669
1500,615809.2990215122
1501,1849738.9686203115
1502,1048264.8293219805
1503,1305686.3058939204
1504,834952.1145836562
1505,641503.8367967828
1506,539605.3980196118
1507,298577.35104430467
1508,505029.847597614
1509,386518.4383491203
1510,595376.9609210044
1511,291968.55627042806
1512,732441.616392806
1513,575460.9927944168
1514,409565.8163303286
1515,534232.2874201311
1516,1132651.3385597318
1517,524551.4174749404
1518,181640.3811252713
1519,465649.98864750564
1520,625215.4254352525
1521,26625.49478826672
1522,521934.1853135824
1523,661213.3091297448
1524,740960.4907016011
1525,492027.5329756438
1526,161007.74513549358
1527,572012.9265201688
1528,831192.6860021502
1529,638937.108264163
1530,518012.6422341019
1531,403947.68834962696
1532,436163.3158149868
1533,553459.0127354042
1534,509228.243420966
1535,571210.4438654631
1536,710795.7674662098
1537,823776.0629152358
1538,1920439.897201497
1539,760046.2887066676
1540,599734.7427987753
1541,874047.4908750727
1542,833321.329261981
1543,656246.5364183934
1544,357427.44739151
1545,361842.9679001942
1546,629923.8493308052
1547,179000.93749821934
1548,529678.0728087648
1549,333229.8964352384
1550,585136.9438520148
1551,136104.82022240013
1552,292529.13393041486
1553,542454.9144936724
1554,996296.4952136576
1555,637335.1977443025
1556,540441.3649090976
1557,357852.2075839937
1558,1417365.5041429922
1559,836955.4816788436
1560,968958.679202035
1561,682101.8360705227
1562,336429.2056777999
1563,648150.703478463
1564,562631.803327322
1565,254776.382300362
1566,250672.96088527146
1567,467952.76397869736
1568,243781.19485741106
1569,269310.75429265946
1570,888459.4987917023
1571,817818.1893509105
1572,704235.774225451
1573,499625.3538520038
1574,795683.4660438001
1575,231729.34990686175
1576,886700.6757413597
1577,539709.7589729875
1578,903827.4495246036
1579,383655.69732912636
1580,703202.5094162076
1581,9259.915258087216
1582,370609.0444688573
1583,354195.1561764702
1584,399719.1857314408
1585,1363919.1244032234
1586,597231.9448316097
1587,264461.11200784147
1588,390660.2557127923
1589,564960.8465569763
1590,161317.30009696633
1591,560339.3728042766
1592,1462381.262709491
1593,346110.05856767297
1594,741698.7537886949
1595,438805.91710489994
1596,389509.5901783332
1597,687797.7211313173
1598,409467.1796762422
1599,413216.4770935401
1600,986971.7377113178
1601,435548.46903538704
1602,920652.2084444836
1603,622671.5554026589
1604,464036.79196640087
1605,386296.22624176735
1606,783023.5502187087
1607,289713.2725486532
1608,312615.97427333146
1609,632583.4860225244
1610,423248.11298199743
1611,423331.85693748295
1612,666574.8497362584
1613,428294.82679820806
1614,620146.5362135619
1615,300920.0081808567
1616,552833.6330961584
1617,651538.8617226408
1618,143437.4560434297
1619,346674.4151361063
1620,773067.2011106014
1621,923221.7266362534
1622,1136826.6435825753
1623,110820.23208950463
1624,1753867.9795800669
1625,42906.27376744151
1626,632604.7430805936
1627,170143.80019302666
1628,635196.9639189765
1629,643559.0223402305
1630,578085.5102338865
1631,471074.258423686
1632,387434.2482618093
1633,807278.8287287501
1634,754947.9418744894
1635,503265.1026171073
1636,987144.4267280028
1637,396648.03668510914
1638,482943.371418722
1639,739606.7089876832
1640,348350.12992133945
1641,505159.8791516274
1642,556267.9289122373
1643,184324.01918122167
1644,259744.05521214753
1645,409768.5690409318
1646,234737.75201147044
1647,348845.01542640483
1648,160417.5294063389
1649,-46956.771205171935
1650,445009.54097920656
1651,1064415.6463619769
1652,116877.44570835681
1653,613665.8916644977
1654,392564.6869186908
1655,532969.2256248444
1656,319073.5163604468
1657,384619.8880682588
1658,853381.6407311037
1659,508602.34620153904
1660,370971.2070527449
1661,563193.5464848727
1662,308859.0716606304
1663,336419.54327589273
1664,359415.74658460164
1665,978161.9811262714
1666,356835.41309522087
1667,749245.1333792881
1668,540363.3592126295
1669,372112.9034613893
1670,372450.8445815072
1671,607182.28212972
1672,431494.78513087326
1673,374728.6009729132
1674,671699.1995528415
1675,272058.5071006045
1676,572824.1219739987
1677,323666.9653833285
1678,979922.606552191
1679,645983.0751440078
1680,488366.2040236965
1681,844174.1019216254
1682,550537.6969799772
1683,625075.2886781843
1684,649631.0937375649
1685,1550898.0082863343
1686,636555.7440502271
1687,566787.3666546717
1688,580478.2546984254
1689,703565.2888889833
1690,1077871.9071820527
1691,134801.2561027333
1692,668086.9090359657
1693,183913.33870956302
1694,884319.9656647518
1695,332881.3129754364
1696,45732.42091187834
1697,395697.74297667295
1698,379896.04495545477
1699,429523.6020246297
1700,454179.4040517807
1701,1332423.6498615146
1702,1332423.6498615146
1703,508747.8480952531
1704,378226.47160782665
1705,152326.74065102637
1706,437562.3655690998
1707,180119.6476751268
1708,110351.76499982923
1709,524638.9555795641
1710,500856.7295441628
1711,589325.6428240389
1712,922577.26344458
1713,577755.5690401271
1714,395988.88336701685
1715,259445.05929499865
1716,412246.3949231803
1717,674588.5280568673
1718,532301.6417946294
1719,338212.44133596873
1720,1088295.8904579058
1721,570103.8290534541
1722,583763.7785022258
1723,474989.85633368796
1724,689853.2203299701
1725,725154.3005193546
1726,623609.8254142256
1727,1933689.518837728
1728,76233.92046482117
1729,240979.50181145224
1730,432474.7750965655
1731,436087.39484937483
1732,654632.5238351226
1733,638783.3307284265
1734,788656.0177026092
1735,671257.855084814
1736,773465.7200516462
1737,590548.1489342974
1738,182512.71200835708
1739,757798.7910452557
1740,403612.7789428681
1741,888579.3422703968
1742,591941.2054386063
1743,746838.8912239447
1744,341114.0293757543
1745,680086.5112745686
1746,331835.31847941875
1747,367710.60547265405
1748,287314.69561204314
1749,677636.3425781353
1750,208634.01453641054
1751,839663.1500406339
1752,486646.54598616797
1753,906212.9482697769
1754,452213.3908519968
1755,461201.6104428842
1756,1075731.1994257646
1757,429737.3217240572
1758,350709.4747794345
1759,529724.6526903585
1760,741269.0557430758
1761,256634.95848171407
1762,355150.2264330685
1763,1184318.2162263915
1764,139398.29185757038
1765,1005542.9499946908
1766,542454.1780522317
1767,464940.44565286493
1768,496783.0654130653
1769,135042.1077016145
1770,194738.1547138393
1771,420782.3688201159
1772,324229.4216448516
1773,879444.804297328
1774,562249.8643990979
1775,185329.60206630078
1776,501835.1888237447
1777,729128.7715873644
1778,1289877.3269774842
1779,296305.16830135137
1780,192416.9768355712
1781,557662.6204869971
1782,613567.6289727688
1783,542274.7529349998
1784,409851.43387651443
1785,136782.71243006736
1786,7421.381586536765
1787,315317.4182962328
1788,829921.7158982083
1789,399493.5836167037
1790,880256.4482743666
1791,558266.0053879619
1792,502058.7632442862
1793,959316.1154952198
1794,476993.6632124856
1795,694238.8759447187
1796,483055.5101872682
1797,257526.98729856312
1798,967935.1115715802
1799,251614.5415365547
1800,259897.86027759316
1801,1160651.0716088489
1802,59949.92924621701
1803,649785.097945124
1804,235159.40397667134
1805,486316.04245027906
1806,426429.8965268359
1807,848605.6562038885
1808,220037.89784549922
1809,710787.6966800615
1810,367970.1233221069
1811,734515.7198347374
1812,1011191.1354452968
1813,464827.0653772727
1814,1327665.6582493186
1815,413385.99026069045
1816,601364.6617158577
1817,517337.1914656385
1818,999451.1431507096
1819,536141.9989960045
1820,737462.2637270764
1821,192483.3011448309
1822,555281.52695705
1823,316600.4644155652
1824,810986.1796011329
1825,69222.59304632246
1826,599707.334136866
1827,897282.0736320766
1828,332702.2764413357
1829,784133.0427374094
1830,339252.44536289567
1831,38079.632485359914
1832,32183.695228829976
1833,816387.468008548
1834,593994.7198843284
1835,417258.46882320946
1836,325629.2665350437
1837,672215.9439324363
1838,414630.7772421911
1839,330227.7690801248
1840,932368.5621185747
1841,205346.11752694845
1842,982229.0501000958
1843,973958.2791451886
1844,313894.71151825035
1845,221043.98986160755
1846,84695.79245302083
1847,414945.37111065537
1848,135453.96072510627
1849,346355.4199193567
1850,548809.815421991
1851,223545.87516622242
1852,797036.8141647802
1853,540523.5246324912
1854,267810.42114879936
1855,899974.6868910043
1856,407984.14724917704
1857,517263.0587703809
1858,1669268.0916266963
1859,981642.977214925
1860,419467.7411836385
1861,386865.3010941446
1862,558734.7109643071
1863,806202.0181267262
1864,592634.0796842948
1865,265772.30500125885
1866,958171.4603514
1867,460991.3713708295
1868,644482.2265210152
1869,180746.0645481869
1870,660895.6478895844
1871,636969.9575461374
1872,515289.39875665307
1873,598955.584158726
1874,312614.7668893933
1875,368936.2355272696
1876,714475.7203606219
1877,77709.6162609458
1878,415552.55669731647
1879,356277.0844978317
1880,496978.40478865796
1881,330873.2852889523
1882,993809.0019800961
1883,-46828.89014477282
1884,126278.72465712576
1885,404029.91921805596
1886,493116.2525156884
1887,772077.1917421891
1888,951026.2752770782
1889,538385.0884786621
1890,511347.82851197565
1891,765677.0898104012
1892,336003.3780692518
1893,472761.33234675217
1894,897863.2316835001
1895,361997.64656315
1896,406161.3746471256
1897,236209.70281989872
1898,1037647.679554358
1899,455375.76985503733
1900,791371.8239705265
1901,488418.9750892444
1902,380954.7279459164
1903,307255.26219713694
1904,820859.6589796767
1905,283095.8665037751
1906,1036549.1379785016
1907,627887.5618136898
1908,309270.5936527476
1909,662677.1280711144
1910,404043.27865537256
1911,1023844.4613525645
1912,1073919.6777047887
1913,1003777.6832661927
1914,367623.79608576
1915,781492.6835568845
1916,758539.5115215405
1917,453437.43537262076
1918,284520.13186225295
1919,381188.16985125834
1920,381188.16985125834
1921,365465.0624836311
1922,635541.8647902681
1923,854509.3867606818
1924,644756.9276221694
1925,1851523.3279707022
1926,543560.89455425
1927,356027.88045506924
1928,596083.4447276965
1929,384992.90830708295
1930,698804.7023072764
1931,79088.09574130177
1932,698040.0236569941
1933,192009.66911519322
1934,106219.16255557536
1935,249586.7458777577
1936,1399874.6712544635
1937,229224.14815449715
1938,113467.99454794824
1939,488036.86333840335
1940,192873.54582137614
1941,1529548.034103632
1942,95903.51108828187
1943,750305.5590776576
1944,155023.2196495384
1945,602971.4365558326
1946,1290222.0753150135
1947,449355.81241888547
1948,189877.39713370052
1949,574536.6649033129
1950,450291.48590927565
1951,757243.4453353211
1952,644740.3797978162
1953,719149.6053332314
1954,687448.2776176481
1955,570914.5718530118
1956,540518.3963017389
1957,220844.54768333587
1958,170199.39863204956
1959,134046.63249972463
1960,152209.18145892766
1961,520997.63432285935
1962,239568.42638378593
1963,876354.1511947586
1964,605674.7760437428
1965,1335096.676629327
1966,677316.2584401593
1967,621540.5944756268
1968,1011122.1033348516
1969,157119.80563358215
1970,1252959.360623978
1971,158139.403387554
1972,1161152.7120900971
1973,449521.6898973212
1974,398637.5153319165
1975,355633.10875532776
1976,245256.50053679198
1977,358818.2462814823
1978,624968.9513418674
1979,643842.5309172347
1980,1081295.1382543296
1981,447663.9552014768
1982,1249582.8939930198
1983,639816.1002391502
1984,800593.0394792184
1985,574502.5772382097
1986,1235271.4526592717
1987,208016.57266124335
1988,546168.7693489714
1989,165906.75832015276
1990,613975.4383179768
1991,957270.0896307601
1992,384272.7923129722
1993,381049.57830496127
1994,269639.8382549286
1995,80563.56310826541
1996,829461.9444539994
1997,366997.5086308196
1998,178712.35012016445
1999,492343.4377170652
2000,379689.2856932953
2001,706257.0260866955
2002,445204.74553257966
2003,283471.6917607039
2004,252527.53015262636
2005,539807.7209075616
2006,459359.25480719656
2007,892206.4934909567
2008,756654.4950152189
2009,260651.0765799284
2010,403800.4121415242
2011,287661.0037564263
2012,720651.5315082446
2013,298568.8294432014
2014,132644.41199852526
2015,625854.9981548265
2016,422752.1528490037
2017,254681.6703154146
2018,360551.24572678655
2019,348423.0900411532
2020,650746.0913160369
2021,463660.48048067844
2022,259370.33104333282
2023,356976.9604931548
2024,276770.2153866365
2025,665383.0581981912
2026,284070.3826960102
2027,461718.5283953101
2028,234547.32694930586
2029,914683.33978945
2030,563337.7086948304
2031,519577.02992457146
2032,812858.8765037357
2033,1191689.9649751782
2034,1181476.9773558003
2035,955922.8706278207
2036,172947.63499382135
2037,853450.1911740226
2038,606500.0904786214
2039,228639.22184257957
2040,796672.5295476018
2041,485766.4411974252
2042,244522.858871758
2043,449875.0235647932
2044,1463388.0074124634
2045,411441.7071617245
2046,411441.7071617245
2047,777679.7741719931
2048,724084.7598577364
2049,671912.0753948987
2050,649990.1373766287
2051,799029.7230524942
2052,636980.5185559094
2053,580157.5889450014
2054,-14135.812040157618
2055,855578.9436746238
2056,69597.78613602369
2057,419962.9806779101
2058,420378.4619476348
2059,790284.0115120113
2060,166546.3971400857
2061,1220672.2920401022
2062,630997.8517369106
2063,547128.6685581431
2064,434209.6375005021
2065,518953.2780488133
2066,626965.2119533271
2067,1292494.8879381346
2068,367680.4040005878
2069,464734.38004392385
2070,704370.4822488204
2071,458333.23839063937
2072,933841.3326283097
2073,404907.1518243849
2074,154498.0288926214
2075,1020851.1643839923
2076,804078.0368992984
2077,369419.0238490031
2078,421187.7298597247
2079,469672.07542245835
2080,181277.2416905463
2081,358793.982340686
2082,248961.25333676487
2083,486543.2620700225
2084,407054.4002977014
2085,449723.2753241733
2086,565666.1956505625
2087,-12044.612968280913
2088,417646.57348826533
2089,651475.9543612525
2090,347612.269465819
2091,871136.5147867573
2092,518866.53050611174
2093,611712.4094678462
2094,-77056.20779228956
2095,349257.0868659913
2096,510446.84924513096
2097,807760.14864064
2098,415858.7906781361
2099,901488.1722594573
2100,629485.2947045416
2101,443305.8755879328
2102,189800.9728935063
2103,407423.83479691297
2104,550216.5083163902
2105,813632.9229625241
2106,622616.6204019637
2107,515182.3060319648
2108,677239.1445320472
2109,493366.416730389
2110,254141.50642333922
2111,100209.93488184361
2112,997060.9940839407
2113,1068048.1744625121
2114,573635.0959628
2115,329731.16567007446
2116,258569.80258142203
2117,693616.150671117
2118,644562.6954807417
2119,131611.8280743733
2120,594030.4986352324
2121,146424.4607843235
2122,467512.7559698968
2123,287714.8045223578
2124,583255.5986997262
2125,686822.0830569564
2126,125431.88469205795
2127,286423.2229544744
2128,568283.4983964264
2129,828110.1027919576
2130,676350.9782617092
2131,694613.8009112702
2132,394839.30832534283
2133,498814.1181601063
2134,115803.24010536818
2135,813337.792395793
2136,328145.9066073596
2137,536382.2801931872
2138,-31783.305139042437
2139,768267.1686521171
2140,517740.6472900509
2141,615891.6985310017
2142,500521.6287751495
2143,1189910.5518381074
2144,860741.6893158183
2145,521215.1490649133
2146,566035.0097957702
2147,254091.07659989598
2148,186356.8905580044
2149,814431.2271426319
2150,599995.0773707107
2151,518956.2856610119
2152,622411.4443467633
2153,845162.011665806
2154,652863.0833914055
2155,596243.6766652316
2156,1419254.8718893232
2157,345060.55792068684
2158,233012.72806370258
2159,631256.8579070568
2160,1094310.386150524
2161,248389.37885399902
2162,-600126.7844395489
2163,421786.234500952
2164,1151339.9598020094
2165,696637.2148061916
2166,298977.5342622772
2167,364511.2132573277
2168,301564.45155318076
2169,364775.1193163693
2170,352302.666374974
2171,1074669.1906558347
2172,463374.31950295717
2173,721918.5470374376
2174,603473.4253318013
2175,699063.9923338816
2176,813322.3533539847
2177,617019.912715085
2178,872786.890001312
2179,667350.0600578189
2180,312891.5605783835
2181,713054.59800262
2182,30666.88272054493
2183,222586.95667355508
2184,529336.1974466518
2185,341291.25068594515
2186,201633.0769144893
2187,249249.76287909603
2188,221126.37660034746
2189,1155531.1384808791
2190,721798.5988719686
2191,273032.3705833927
2192,230252.93412043157
2193,568047.3636110425
2194,1205703.4585312011
2195,568817.0197448358
2196,335243.18134651333
2197,446704.95969679946
2198,223206.66739062214
2199,539193.6965201944
2200,646516.1045414731
2201,353729.52537051594
2202,943456.1633936319
2203,467385.3528992385
2204,392165.44041074073
2205,320939.12799379224
2206,418528.5543130561
2207,302632.67173662776
2208,263161.5000629797
2209,407389.3787540345
2210,306511.90646689385
2211,478803.0160432979
2212,456723.31025989354
2213,348902.65399725735
2214,681870.3698784783
2215,639142.7100764738
2216,615847.1182682888
2217,517518.137263745
2218,741628.695059575
2219,570322.0876603276
2220,307818.45088261366
2221,456838.53328435123
2222,217277.9856587574
2223,689294.9557747543
2224,274014.17446792865
2225,195541.22654226425
2226,500272.6558441744
2227,475026.8004977553
2228,549431.5247214884
2229,459724.667823948
2230,325095.95821843296
2231,463853.78534504026
2232,289989.83230338246
2233,221753.4235232472
2234,168046.6978426203
2235,494037.9060682058
2236,1050221.622098796
2237,1315216.7597093731
2238,565309.782641612
2239,1216428.7489708215
2240,373383.90451131767
2241,1469545.2239070607
2242,151117.91827654094
2243,440778.00584501034
2244,583454.6589329615
2245,604368.8676269277
2246,311696.23447327316
2247,857392.1640257688
2248,524648.4648383929
2249,338446.0482627973
2250,726394.1809670925
2251,234154.37497595692
2252,789175.986520402
2253,483327.84627935296
2254,482781.3999325037
2255,204083.6840984523
2256,397584.52453756327
2257,965360.1111662388
2258,334019.6246693507
2259,531648.1106160209
2260,333552.3770501539
2261,184980.89736291018
2262,486456.2300524266
2263,486456.2300524266
2264,1389018.9953769818
2265,675036.8239641562
2266,787513.0935634002
2267,436687.7514980212
2268,860685.2503180876
2269,403565.57857268304
2270,718325.1368319989
2271,320049.54001700133
2272,1465769.2424908206
2273,291982.69499274343
2274,1432551.6037427855
2275,430229.4417070821
2276,506393.3023562356
2277,134746.09238084403
2278,529692.6677196026
2279,759424.576761268
2280,333269.76473517716
2281,533971.2461845204
2282,227590.18568155917
2283,610028.636004962
2284,235254.72115206718
2285,707776.3470480518
2286,835311.4990402238
2287,368561.43943245703
2288,192151.1087351367
2289,777177.8331203982
2290,652559.8647088781
2291,343230.33952349424
2292,352385.563011542
2293,1008888.6552193613
2294,361416.5782060996
2295,298412.60459536314
2296,408660.27010440826
2297,833261.5346390976
2298,278945.4639393613
2299,273161.10066942876
2300,260618.03010872006
2301,530933.8725593464
2302,107305.56340613216
2303,181972.83706449723
2304,806566.7712781131
2305,426442.7250492423
2306,366293.1272679195
2307,-41030.71253594756
2308,499338.04977373034
2309,426253.3213043137
2310,1605844.6252758054
2311,266645.3887842074
2312,597522.1511568353
2313,234932.64831712097
2314,552638.6177970469
2315,526730.1263054982
2316,479318.23824284226
2317,772585.0953550935
2318,459312.9139811918
2319,447333.16473462427
2320,415581.475736782
2321,613482.6352919564
2322,616543.051015213
2323,1364981.7885210884
2324,639311.0222363919
2325,455639.1563064978
2326,243234.01774772257
2327,410897.80060682446
2328,405351.80168876046
2329,1092427.343867853
2330,1077829.7622924896
2331,95373.22601885347
2332,1354490.791748352
2333,310078.94186893106
2334,818462.3482403756
2335,752706.584055856
2336,1148868.3088682292
2337,433344.2808626518
2338,389127.22478149086
2339,587883.3456756398
2340,691107.0420481414
2341,247393.60645436493
2342,406548.84018687904
2343,529270.9066372067
2344,291209.299459152
2345,792775.5962165667
2346,451648.73188119376
2347,344929.2763240859
2348,787439.0745794252
2349,511001.5593632385
2350,303134.23517374694
2351,646158.4525031148
2352,532751.1397574022
2353,951713.059673235
2354,373489.8164665326
2355,433369.1225398853
2356,420612.34914249927
2357,1042023.7961438297
2358,400541.69189476967
2359,946330.3334320264
2360,-78465.70586407183
2361,434995.10170248157
2362,385241.48403313756
2363,370248.9100703001
2364,320831.04077246785
2365,332687.53583389515
2366,424158.6915189921
2367,620983.9147262721
2368,845779.7038485929
2369,445456.80411208415
2370,352949.04067803913
2371,465842.9969609007
2372,244817.15764302755
2373,450803.2175176889
2374,312963.16148198396
2375,228439.21020509306
2376,290116.81342002744
2377,855112.7900051774
2378,423435.24856894463
2379,410810.28430673474
2380,1143779.3666267616
2381,900716.3324274942
2382,851540.0359014794
2383,449914.1005483568
2384,203594.18571949753
2385,221089.39734783024
2386,366204.1594577209
2387,998174.136515297
2388,329068.5753499046
2389,613651.4080517069
2390,226561.02417004108
2391,1136074.9260106755
2392,730097.4154360591
2393,503676.37494371086
2394,1030608.7513485998
2395,789963.297456205
2396,906402.2690212205
2397,437701.3322574794
2398,230924.11023648083
2399,357600.5931247622
2400,420345.55499481404
2401,133384.54805199802
2402,335347.5669300929
2403,471692.209487915
2404,271200.6005991325
2405,101384.66530121118
2406,294297.8028084785
2407,247755.25402501223
2408,596982.4456652327
2409,567208.1302543655
2410,427856.7678473889
2411,480291.4728970899
2412,380015.92530011386
2413,291084.71042139083
2414,659919.298682645
2415,298240.73513867706
2416,462874.39445152885
2417,738734.7869826406
2418,1110112.0806470364
2419,875934.2219008507
2420,802827.8868396878
2421,577015.0899245365
2422,155254.4276677966
2423,413305.5017628968
2424,490209.9520441591
2425,443723.16477222
2426,517706.125829868
2427,389197.7543396353
2428,600543.8378633335
2429,612477.197830826
2430,400367.3135051876
2431,623808.1218909398
2432,626717.5874249637
2433,418948.07041830564
2434,889864.8653841913
2435,914634.7830277384
2436,744885.1819694713
2437,294477.10332046455
2438,473681.22710010404
2439,1087111.7082706688
2440,339778.0360688344
2441,899411.0511808619
2442,128015.5212719217
2443,617910.1323038264
2444,37690.65752580017
2445,467306.65167542564
2446,1278875.2010509819
2447,358223.5563071072
2448,178019.65737445652
2449,599401.6423715055
2450,610334.5310616194
2451,424604.8419565633
2452,192114.47515675426
2453,1125844.9622573927
2454,678955.7464168668
2455,309570.8255242184
2456,816094.9081423954
2457,592495.2148422375
2458,782081.1346526964
2459,217042.56321781874
2460,308440.8530879468
2461,999520.7065457328
2462,592052.0921266451
2463,924317.5724137947
2464,254950.83266804367
2465,500590.3400699049
2466,328679.4005478844
2467,438415.2852954939
2468,1259811.1571610495
2469,1019970.5646993966
2470,220343.73111424595
2471,441671.2014154941
2472,252348.41933875528
2473,666909.3347216547
2474,1542275.5975750908
2475,196721.10285004225
2476,685987.2710841
2477,813569.478155017
2478,291834.93069235235
2479,251459.20343526444
2480,727348.8607147262
2481,669061.2088820114
2482,497717.4237080513
2483,341625.5265683159
2484,266246.44919499755
2485,833655.8785076737
2486,456316.7036661804
2487,1464163.1294794527
2488,370026.6456651389
2489,761612.0328687578
2490,665676.6703925133
2491,758689.7360901311
2492,456114.89469622076
2493,465872.0734173581
2494,545303.8648269324
2495,355663.7799052596
2496,190988.0599874928
2497,451487.34811297804
2498,244273.98037976024
2499,511215.38756969565
2500,1057423.1272352412
2501,506985.6992506384
2502,414302.02590060234
2503,809471.0972176716
2504,432170.7204077989
2505,327880.6529561505
2506,491811.58722896874
2507,232825.29886469242
2508,410006.9315769598
2509,506324.8568951561
2510,426757.820146814
2511,391196.63791040325
2512,753667.007966779
2513,919600.9531362728
2514,332404.23874335736
2515,400528.01430508494
2516,800588.2020908222
2517,333835.65458920604
2518,457986.43715029955
2519,917391.9916375726
2520,747150.3648845927
2521,1009784.7489697336
2522,353155.0680788979
2523,312568.4156886339
2524,1280030.2368829623
2525,265449.9463914186
2526,985691.04225792
2527,473492.26341569424
2528,392704.16343639046
2529,1011259.9669411479
2530,304185.8056378513
2531,366764.77732378984
2532,403468.96850503987
2533,1396473.5494511647
2534,529937.7307367697
2535,1405678.2177057639
2536,347875.62718559057
2537,521532.2354473322
2538,662139.3716142848
2539,653542.1762091517
2540,507456.5431683213
2541,1020384.3652156517
2542,552199.7035332471
2543,874415.9734473823
2544,361051.1542999892
2545,715947.5722872466
2546,338810.03244020045
2547,1087638.9114266485
2548,444938.4606736526
2549,593314.1800545232
2550,257485.31472263485
2551,321210.4000775292
2552,436745.71614210313
2553,337523.61273994297
2554,810262.8912353218
2555,385882.54191708553
2556,482514.15046355873
2557,682549.0604057759
2558,1260747.9742255134
2559,757621.1615061016
2560,620170.0022433177
2561,589437.9584249705
2562,517461.1922361849
2563,331085.00103934854
2564,413228.4422532991
2565,500600.74692781275
2566,1221106.0684492812
2567,621785.8669057487
2568,2034013.2124724465
2569,1018829.819461897
2570,296786.1968875528
2571,264437.1250117868
2572,634748.5389638321
2573,501662.44687061757
2574,372523.2320492491
2575,766005.1076412572
2576,367206.13382119685
2577,357044.35328342026
2578,832062.9120951518
2579,584317.6551500782
2580,630120.1217595637
2581,594549.7624716088
2582,415153.20461624867
2583,380725.2769991904
2584,400598.17651684576
2585,469124.32677081967
2586,1170697.9884817454
2587,449846.64484249055
2588,454148.31391157955
2589,1181788.1422982141
2590,131358.50683095303
2591,910261.1071843803
2592,418214.08888418233
2593,440369.508589223
2594,301216.75105502456
2595,238058.12806987762
2596,977115.3439642937
2597,834318.2684934586
2598,605913.6405126974
2599,551327.9450853989
2600,572644.4618035258
2601,120201.56194503604
2602,480750.9774806947
2603,90431.78554942457
2604,300959.92871324724
2605,1010219.9523191375
2606,934455.2946936563
2607,445276.56461544335
2608,461493.9331717641
2609,440886.1341589391
2610,259459.3341771737
2611,513860.6594276056
2612,673417.7601998897
2613,548167.4962772577
2614,518982.4136621057
2615,617059.4450900033
2616,508297.94332293427
2617,874662.6061050817
2618,878287.5709951592
2619,395064.70166213065
2620,301829.94823134685
2621,611611.6058415174
2622,759378.0442331955
2623,563929.9503144771
2624,270441.1135635376
2625,393394.23803488165
2626,756257.082809925
2627,681258.0104313716
2628,329448.7997520715
2629,348575.023352623
2630,402036.2810417712
2631,406398.7089355811
2632,356703.556022875
2633,367090.4388628378
2634,398434.62456965446
2635,344990.9132940322
2636,398213.4360712767
2637,274102.1310418546
2638,1211724.0016295388
2639,367217.91451419133
2640,594186.0339343697
2641,356806.9127373397
2642,752226.2406145631
2643,283157.585825488
2644,327413.8689288348
2645,364880.5943911821
2646,382690.6749823839
2647,619088.3938432932
2648,323988.90158705413
2649,293056.1458089724
2650,614299.9485519007
2651,392116.6213098541
2652,457926.94794781506
2653,380042.0232824684
2654,616540.6602197662
2655,756366.8819933311
2656,817882.7409576327
2657,569381.4797946811
2658,870828.5159757583
2659,321173.364899896
2660,888603.5359724832
2661,437899.7350194231
2662,441649.6931380183
2663,146189.50837823004
2664,801012.2984470873
2665,661847.5735976993
2666,1012516.865941666
2667,580785.0030920208
2668,628282.4441866725
2669,715554.9447265714
2670,304202.72753287107
2671,1102651.1877864224
2672,379151.6354510561
2673,861620.4750680403
2674,753709.5006654189
2675,207594.0331052393
2676,251111.54784257707
2677,651425.2446072473
2678,651493.4890693276
2679,786650.7315400541
2680,672315.1804524958
2681,1297721.6449409279
2682,511156.0017537102
2683,960019.3727237136
2684,491185.9759184718
2685,218640.94404933602
2686,415909.9036183879
2687,1059305.2512140123
2688,443956.8352558464
2689,453859.02240713686
2690,370394.4988752976
2691,890672.6429893895
2692,355732.72242862725
2693,386128.19576233625
2694,1707153.0139704419
2695,346168.2846297324
2696,728774.7104822993
2697,1308586.3660843149
2698,721696.8971711397
2699,733971.6066598147
2700,481514.76362265646
2701,341320.45954129845
2702,438212.83229983604
2703,308870.730354324
2704,126823.83191275598
2705,389650.17372799665
2706,293083.76790257543
2707,132607.9723583087
2708,181305.87235385922
2709,665139.5106226131
2710,377192.9434285164
2711,380493.7454710975
2712,279216.470378235
2713,448639.21120326966
2714,675741.8664841279
2715,1457611.896653421
2716,476132.19890344143
2717,768107.038128704
2718,402444.8246935382
2719,518453.1029651836
2720,1570455.1791854128
2721,291334.7742299959
2722,411614.1382915527
2723,197835.48784817758
2724,589758.7667354791
2725,294194.1353301108
2726,697443.7529054731
2727,316943.6123314649
2728,309329.6616536826
2729,974679.0790505408
2730,765449.5829597191
2731,340802.5164397508
2732,338163.21024887264
2733,134160.42761386186
2734,479777.89236451685
2735,1136953.1672983763
2736,332241.515919678
2737,650619.4240489305
2738,949306.3297812719
2739,341798.6897028014
2740,384200.4172932878
2741,449722.6370695009
2742,725065.9965563267
2743,689381.5662608892
2744,469280.57445651287
2745,408431.2804835216
2746,349780.30487545574
2747,741949.7223306
2748,295745.2254875898
2749,782201.8745324089
2750,603031.7278957516
2751,464538.9676543698
2752,860400.6614516005
2753,417641.8153339475
2754,383102.74783470476
2755,214187.46316806224
2756,560883.0651402771
2757,765489.9060783386
2758,923108.3363492042
2759,938639.9603349715
2760,426892.8473005891
2761,114690.41829824448
2762,301547.45863492787
2763,522763.25963082904
2764,510906.2089395449
2765,293114.55524059385
2766,371419.79236646
2767,365423.60863010585
2768,293056.8685316071
2769,452750.6152600497
2770,414711.19998309016
2771,582343.1715184897
2772,352105.3896822036
2773,460523.6432253121
2774,543430.9780445321
2775,374579.22835773963
2776,635505.7095853017
2777,910626.080437176
2778,464917.83617245406
2779,1469956.9077180922
2780,387070.3004257456
2781,623687.8076271936
2782,1443131.4754769874
2783,469444.7898133994
2784,728115.9242310822
2785,451879.97000377625
2786,269444.85153452307
2787,662266.2248321921
2788,405856.254438743
2789,505342.7325070276
2790,713983.2784806042
2791,421784.82734504336
2792,424178.82196403295
2793,528537.9069021641
2794,931720.05032029
2795,1151282.433272086
2796,528007.7994013132
2797,1062956.9161497427
2798,369658.8491324112
2799,515574.6676596999
2800,709089.3552809207
2801,387830.94944510603
2802,1355376.5437770037
2803,372537.0594314634
2804,820797.51610063
2805,244369.50145747513
2806,1162352.6145097613
2807,395652.5829370469
2808,907724.3840073271
2809,278948.23476819694
2810,295202.06491393596
2811,716938.3686861992
2812,575500.6315666363
2813,482930.2188330963
2814,745035.4021330253
2815,475168.39003868407
2816,464765.31872726977
2817,343599.6761709302
2818,864651.5098007693
2819,359550.10804832727
2820,355256.6551768481
2821,361526.1334195063
2822,403288.47174564743
2823,329669.1838689074
2824,703641.5265942066
2825,710268.5937016533
2826,397757.7141862735
2827,503643.9440498129
2828,251243.0525817498
2829,446574.86613419646
2830,443806.7942229807
2831,644217.2968076095
2832,503947.19120574
2833,421743.45675306016
2834,364471.7123729885
2835,898632.8546536562
2836,909344.9731803834
2837,496368.57159242773
2838,443349.08559415484
2839,620065.3052863628
2840,319726.6224638373
2841,826354.0024859608
2842,396708.28900671005
2843,397925.93062604964
2844,424417.22550319874
2845,188404.65547091517
2846,1318070.9350668713
2847,583071.2748199776
2848,491842.03546452516
2849,291898.00018349284
2850,748670.7757014184
2851,812902.9167200996
2852,691852.8317031637
2853,889357.8251864612
2854,808914.9727232978
2855,279448.35890211165
2856,401645.50025309616
2857,310666.92665193975
2858,829127.1703825371
2859,373421.72716007376
2860,334247.5137006119
2861,209976.20043136177
2862,1541432.4415717274
2863,338079.35076789564
2864,1355870.4705512896
2865,477822.6955621988
2866,573894.8246135712
2867,782151.5528414098
2868,182772.83937745538
2869,360200.82111188764
2870,157884.836064063
2871,1065419.0577677041
2872,332360.7602937594
2873,382800.57255452866
2874,449551.55120757216
2875,715657.2232342586
2876,1098013.7056397721
2877,531249.3883225025
2878,1082517.381430231
2879,530043.4326854647
2880,786366.4316451846
2881,607267.8255115151
2882,763919.6358304397
2883,437382.13844990724
2884,1006048.6262683049
2885,482111.2723515257
2886,476264.0991100594
2887,199399.3907648921
2888,780093.1093860045
2889,590273.2433028147
2890,691504.7391657233
2891,679647.6884744391
2892,465927.2760421262
2893,282347.74500379706
2894,1112415.5511720031
2895,411832.68803641945
2896,466734.84691912687
2897,362981.44112730765
2898,460720.17025160056
2899,988719.4798256458
2900,333815.0490710214
2901,669101.3783075735
2902,472397.55531692493
2903,824577.2835278064
2904,328874.4933428243
2905,800440.806829244
2906,845666.1432309746
2907,1075311.1561506984
2908,927221.5882651658
2909,393515.36778634787
2910,738333.2569149361
2911,546250.8272486478
2912,648220.3510269299
2913,943202.4825851992
2914,730022.6013544723
2915,882763.3990221844
2916,599554.2157858536
2917,380106.7256106512
2918,436574.75147593766
2919,529974.9950162843
2920,809947.8059092832
2921,276596.5610438957
2922,195624.34090948102
2923,403411.3708022907
2924,697506.8636600599
2925,512118.6920031085
2926,1021831.911132075
2927,343549.04638919974
2928,514397.4776148274
2929,379344.1900364235
2930,92838.9925848618
2931,402727.8937502429
2932,438287.2660003826
2933,701339.40167962
2934,1342646.764589861
2935,1045186.7472415267
2936,585232.855955258
2937,384681.8206155524
2938,524373.5904935226
2939,602243.7682258263
2940,434527.8947151973
2941,420283.7277637049
2942,581866.8459452316
2943,1523192.9715737996
2944,587682.8956073225
2945,472261.1654390991
2946,717994.6441245452
2947,780789.2077507748
2948,827410.2051216662
2949,906539.4835267514
2950,333257.24148505926
2951,719813.2031220422
2952,368545.3844916895
2953,236723.4437693581
2954,916685.8327163457
2955,683756.3778570518
2956,427113.3037262783
2957,1428606.99515225
2958,674281.9781781957
2959,389350.74870582664
2960,878524.032929957
2961,916342.5424703434
2962,863474.4742224738
2963,480315.0493129343
2964,471805.81891472643
2965,438362.3291179314
2966,302525.6701006144
2967,1031894.6095012052
2968,603691.7008223608
2969,258374.58314508945
2970,378098.75513709337
2971,743128.3669980094
2972,755166.3150673807
2973,685420.0960222855
2974,717614.3328632711
2975,507731.4957187325
2976,391669.00776010007
2977,1246996.7126802579
2978,570430.4518462643
2979,298196.26767048985
2980,689090.6831290126
2981,330082.89929921174
2982,602569.2043837905
2983,162101.0294034481
2984,226195.43273197117
2985,1098618.3948467746
2986,208615.68453478813
2987,344578.09706246847
2988,870467.1774091868
2989,346122.1824172288
2990,906135.9235711544
2991,603865.6379441097
2992,119712.37960353491
2993,497639.55995675916
2994,198608.09790764004
2995,516393.99062512064
2996,270604.6330159008
2997,216266.07453653956
2998,504411.1688416452
2999,365177.6989709735
3000,1020431.0068757534
3001,160574.2622430399
3002,464596.5478444993
3003,166444.7586672008
3004,201846.0534946397
3005,1573735.8777593297
3006,1358856.9258059934
3007,278839.2212105021
3008,264281.7283503562
3009,332427.0776993036
3010,366103.60846551514
3011,596929.8018334582
3012,705039.8105724229
3013,551921.9412413016
3014,276235.5134592727
3015,831111.7575108261
3016,634973.3998579308
3017,459901.94990743697
3018,455155.96167193353
3019,883005.1660760117
3020,480930.35488832
3021,341123.36175841844
3022,380414.8075872436
3023,266262.002498962
3024,54508.534350827336
3025,540564.9530163556
3026,755269.016820185
3027,572910.8858809619
3028,589960.742571965
3029,353043.5637022704
3030,404417.9343289286
3031,112617.24647258969
3032,1294147.7780632973
3033,478115.60121013963
3034,289579.19009402394
3035,2080724.3029489813
3036,1536743.5956352432
3037,652442.0558002217
3038,459940.4338051081
3039,527124.4238653407
3040,396415.6904755533
3041,543181.9116179869
3042,441622.4436937943
3043,250035.12282328308
3044,310812.49655094004
3045,275792.64758780604
3046,377437.03112785524
3047,300776.31870501494
3048,240143.30987177044
3049,334253.1609819978
3050,1298969.4466909098
3051,898590.8196887745
3052,1101058.4704245627
3053,753639.8387459741
3054,829928.9204882681
3055,1252552.052396655
3056,288337.566774033
3057,310192.48137030005
3058,253289.24029092488
3059,802808.1289779395
3060,817908.3302852811
3061,319585.9965026304
3062,203468.3242295533
3063,334097.03796234727
3064,420671.8263807297
3065,837927.6671147869
3066,277240.495506078
3067,804909.4908286929
3068,597474.2836424335
3069,170923.8922574669
3070,391211.3642841727
3071,383450.35788995033
3072,520498.28641276073
3073,767936.4501444101
3074,369454.19576399773
3075,256558.25496767458
3076,499860.57827481616
3077,311017.3180349916
3078,770641.2219825312
3079,845890.5254732965
3080,822144.8920173348
3081,899253.8994047046
3082,169480.94590114802
3083,753451.8299840317
3084,489004.7434396744
3085,719196.0583515689
3086,741076.3799931855
3087,680960.8139572069
3088,892314.3080274984
3089,420409.0703098922
3090,410513.44133234763
3091,1203049.755322434
3092,465724.53693725175
3093,373115.98073384166
3094,315292.94926323736
3095,240055.7532314584
3096,76767.2534481436
3097,680918.4598539174
3098,205725.50253508237
3099,336769.15498813987
3100,100385.87599317728
3101,728070.2824912518
3102,669365.2273458093
3103,230425.22806381437
3104,411968.53807137156
3105,204230.39751949903
3106,1007793.6019532679
3107,515533.8916535825
3108,576810.9902950376
3109,550765.6488556713
3110,147787.525308311
3111,343689.25649211556
3112,609490.1032949686
3113,213684.65934190893
3114,797421.9647647217
3115,525496.3390579894
3116,348941.86743310094
3117,1064892.5933846014
3118,434945.8526948243
3119,440091.95141619444
3120,179416.99589975923
3121,653533.4676731825
3122,492687.3191765398
3123,349383.3719707355
3124,772395.2134800403
3125,413232.0248453692
3126,153941.86715751138
3127,683285.3193147929
3128,853838.8178237975
3129,566411.7107337043
3130,671329.6575678961
3131,994526.3056782857
3132,865186.110808879
3133,216441.97796892372
3134,393378.8353682757
3135,1209306.5594967976
3136,874159.3139194474
3137,293841.9447915107
3138,850532.577923745
3139,608878.8876393735
3140,748202.7631126047
3141,353178.5511645228
3142,356526.73363519454
3143,406040.1199853719
3144,1254327.0112791583
3145,533041.2149934471
3146,693697.7950490712
3147,392234.2207916975
3148,673777.183595352
3149,678657.8424780517
3150,346399.3949843198
3151,1788295.3413865827
3152,399182.64319816977
3153,378878.1130667255
3154,608999.4592823163
3155,470458.20064723486
3156,393514.818055436
3157,355367.71461953217
3158,461792.4140740186
3159,218225.44335868207
3160,641924.7509852275
3161,746740.8965599462
3162,1618889.718859665
3163,812416.598651707
3164,515522.76895549893
3165,830308.9301912263
3166,281639.19532085955
3167,890954.2542260066
3168,1224190.7265606148
3169,347942.73094477504
3170,1466914.9041825903
3171,574714.9901492073
3172,214205.75554496047
3173,424478.19968456763
3174,449654.84299609065
3175,781354.1825947986
3176,775454.5772790461
3177,645113.5295433848
3178,1048869.4810877887
3179,529886.2619565426
3180,312296.2455099001
3181,1642692.5388411956
3182,591330.8518706709
3183,612942.6595702468
3184,465050.854771845
3185,445146.3036235794
3186,461732.0266992375
3187,391484.157508336
3188,396528.1571371332
3189,173679.0771927312
3190,396501.1639815122
3191,456387.69917710876
3192,403754.9582902268
3193,456202.1518956944
3194,1009256.9932494536
3195,399957.74647757405
3196,536700.4949186519
3197,586062.423420541
3198,1118629.6566218135
3199,1021076.0141118392
3200,287982.02993250644
3201,699430.9309023321
3202,621665.8588529825
3203,826563.6730479671
3204,408893.95653391624
3205,250725.89676915854
3206,818898.9347173274
3207,400638.70558938384
3208,399061.3713740557
3209,917734.9775570036
3210,988414.6264129431
3211,880497.6689616217
3212,670713.2412218897
3213,300092.58029992884
3214,288638.0829386488
3215,490163.0809433684
3216,300429.385077998
3217,137343.48597496003
3218,365201.58520374453
3219,506162.1284228861
3220,427880.21408727026
3221,414398.1714153885
3222,248952.06158704314
3223,480114.8793268205
3224,314028.91476877034
3225,849391.5265166311
3226,424596.3853510023
3227,341512.8795450032
3228,908063.9107585475
3229,420849.55856060237
3230,936357.1089378075
3231,402051.0577388777
3232,651728.2620507553
3233,401362.9701843113
3234,451648.73188119376
3235,566949.0771566256
3236,421134.4119455069
3237,1173458.1675281003
3238,362608.5814887807
3239,498627.50747562945
3240,876558.7398139313
3241,482948.1595282853
3242,282088.8510122523
3243,157386.5819659978
3244,1106524.6214866713
3245,1261251.7515656424
3246,208676.32731539762
3247,136242.80646874756
3248,261250.08695285764
3249,293158.3407562077
3250,327697.289500907
3251,406398.7089355811
3252,822255.1534470171
3253,293067.96161593497
3254,344489.9250434041
3255,379716.6589463652
3256,396878.66652931273
3257,367927.1733328179
3258,612543.4328324795
3259,672909.1757313609
3260,276394.2278703674
3261,418740.71793311846
3262,261692.2355612665
3263,393154.2433578521
3264,436497.6770936848
3265,351882.8950933292
3266,464531.74565202
3267,349912.5144277513
3268,622314.3148654327
3269,368058.01642210037
3270,959280.2155293298
3271,513465.62259189045
3272,360869.5313415453
3273,1518423.9221108255
3274,566957.9078377187
3275,447419.5753167346
3276,429911.5618152172
3277,518937.0975290835
3278,359596.08839853853
3279,1078855.9373162538
3280,389316.48827160156
3281,297991.2932224199
3282,466142.34404357517
3283,289562.3628126532
3284,260430.50729957974
3285,382494.7100902498
3286,521776.3503586426
3287,737537.3607822953
3288,1631324.574123755
3289,119067.38006377219
3290,369505.50215238327
3291,239022.18795122948
3292,298124.8434350565
3293,866331.0967593342
3294,382672.5522797183
3295,670418.6117222385
3296,462871.7331052274
3297,807199.4817239195
3298,299722.8009369895
3299,450251.52891004086
3300,689965.5091573821
3301,165095.3557870537
3302,1091652.474868372
3303,880010.9088212178
3304,484885.2029744461
3305,422987.9507307634
3306,768719.4177767114
3307,372110.83333500475
3308,433954.2502807007
3309,405755.6680379137
3310,474486.11217617244
3311,524385.509169042
3312,616762.1370785086
3313,268736.12937130034
3314,401555.8059897572
3315,327104.63695047045
3316,310405.06308978045
3317,983290.2512270585
3318,828820.0766347423
3319,912552.9373808877
3320,333791.2036399096
3321,488502.94410620636
3322,238686.05167550597
3323,238686.05167550597
3324,372662.4237812682
3325,487574.05823177093
3326,307770.97414859384
3327,214080.5177269131
3328,328788.6685360447
3329,964000.2338634355
3330,927392.725833781
3331,390620.5031025931
3332,582864.6229222937
3333,1144382.9995267019
3334,574477.385828957
3335,1089538.3987853376
3336,369591.966293864
3337,418033.07807677245
3338,420075.0489654094
3339,426216.90758387
3340,128977.08913706244
3341,422385.05040994287
3342,487377.4887294396
3343,523351.3893356398
3344,362608.9185727909
3345,884076.8744693622
3346,333400.804827787
3347,245775.04116194695
3348,141806.9466678053
3349,516402.40344364196
3350,928250.6459358037
3351,387285.9482419491
3352,390764.33800021565
3353,736182.2822980955
3354,503695.75603901607
3355,709317.4748531057
3356,706701.993836142
3357,400857.58157862717
3358,531975.6127262712
3359,354447.00048427284
3360,445740.7464822903
3361,904064.6430864556
3362,572707.9328148513
3363,321357.26652964944
3364,417408.29948781437
3365,792211.6539370642
3366,733758.7707862629
3367,444938.56081395596
3368,805758.574525185
3369,422318.5440929383
3370,282932.78075218946
3371,959793.9599673153
3372,637783.2498191744
3373,192739.59658790374
3374,1523811.7733237816
3375,236104.17052260038
3376,924063.9599991068
3377,503800.15915589774
3378,337852.20748797804
3379,418586.01736984396
3380,418586.01736984396
3381,261385.4825893789
3382,476386.173891604
3383,417118.14795509726
3384,1159448.7005158064
3385,655666.7569016218
3386,1009777.0718056484
3387,143479.12227009234
3388,471805.81891472643
3389,849150.0667229741
3390,131533.1071067974
3391,828867.5637005568
3392,912244.334016405
3393,537318.0942013114
3394,727004.120232731
3395,1058058.663659528
3396,-5351.828566864133
3397,411166.5222602561
3398,464475.6407538876
3399,133911.988823548
3400,371831.90526919806
3401,377366.5207132101
3402,403055.1343986988
3403,439144.5340026692
3404,517156.93256239593
3405,857200.7048017532
3406,543563.2027358933
3407,446013.82274894416
3408,640960.3082179503
3409,153854.84127240628
3410,617931.4829245657
3411,354385.88161164516
3412,287309.5549930483
3413,1203654.8378418759
3414,599864.2123188673
3415,333612.22383838147
3416,248751.30279489607
3417,420564.1928452775
3418,292614.38250577444
3419,383216.1103512944
3420,331273.14463629574
3421,427283.04228125507
3422,647434.1741986498
3423,495271.0236485897
3424,335949.13088466227
3425,379989.26532378787
3426,376319.1317827627
3427,268647.07005905366
3428,364410.2011934816
3429,539940.4733067453
3430,254384.40450002253
3431,678553.9079178423
3432,995946.2981589661
3433,379599.3508217037
3434,496801.7512566448
3435,381553.5525804088
3436,856276.3108113855
3437,296792.2538764179
3438,324707.6787524745
3439,1122289.8657176641
3440,674110.9946903513
3441,303602.52846423537
3442,769501.082299225
3443,609970.1320207344
3444,413670.0177729874
3445,296215.3946021944
3446,174363.5696476027
3447,534672.240716003
3448,1201035.5696203336
3449,494884.7972837835
3450,349138.7451062873
3451,315846.19218790525
3452,375816.06601428235
3453,303909.69620104134
3454,387331.3754961863
3455,806196.1995504946
3456,503672.017636165
3457,348826.7930617631
3458,593736.3834137918
3459,275033.9461616799
3460,276790.1453113928
3461,843299.3897311464
3462,204047.03818077597
3463,703618.4184443577
3464,750657.8482713401
3465,739040.6486690639
3466,356437.5074948668
3467,372527.48948094994
3468,350260.34752607346
3469,107843.1171114072
3470,943638.2644144596
3471,833090.235779859
3472,1139437.2080195697
3473,693184.2472735494
3474,325579.0858314857
3475,1002533.1225992515
3476,604802.0791187137
3477,2022121.0424823014
3478,358981.00873249763
3479,703063.2471814454
3480,594507.3646547868
3481,435229.58941505104
3482,433462.8976415917
3483,349400.58943822974
3484,515369.4548750744
3485,785476.7924031093
3486,761621.0395566893
3487,80990.56750344485
3488,613636.052197203
3489,385521.401250571
3490,385521.401250571
3491,195917.39507023245
3492,657208.6377726421
3493,641762.2050960213
3494,650485.7945656553
3495,515705.47000715876
3496,412789.3532992452
3497,479066.99173156166
3498,521684.98575358087
3499,493254.4377394393
3500,384369.669454366
3501,796446.2225235254
3502,386019.77246366435
3503,442515.1050530821
3504,613838.8247830869
3505,318846.580988571
3506,174438.13023864478
3507,352837.421265915
3508,535944.0485052094
3509,375801.0973870307
3510,465795.09152629226
3511,613437.1725378929
3512,463282.55528160936
3513,630978.375144951
3514,432781.0783546418
3515,296676.20189353824
3516,480476.18559059507
3517,199422.02714275566
3518,345313.48720243573
3519,1104603.8410544842
3520,333213.44471105194
3521,399800.23326095194
3522,410909.8976948634
3523,1131999.0119386015
3524,292448.41828126454
3525,630063.2919145002
3526,929031.2098627167
3527,410463.105344802
3528,961612.9680513815
3529,265012.4203048349
3530,422595.2477090135
3531,671285.5534303039
3532,712778.1312614605
3533,1070682.1733863577
3534,974010.2955810204
3535,420671.8263807297
3536,936194.3554088322
3537,372960.65847919876
3538,1000370.4259961544
3539,652359.2185787411
3540,1517694.947536349
3541,385882.54191708553
3542,457631.90139603615
3543,277386.4644382894
3544,344579.5694545508
3545,635784.7431135477
3546,451686.9220185652
3547,814257.1093928443
3548,1562716.054221146
3549,338392.4912530184
3550,726085.9032519234
3551,1399310.462240547
3552,312369.9864994362
3553,1029287.4156025572
3554,613846.9968457295
3555,345305.71032180643
3556,403229.7371226996
3557,582466.0985991134
3558,277176.1284101382
3559,279876.5509410724
3560,506288.0380759835
3561,425461.2658504471
3562,898625.0322118476
3563,137655.8232234269
3564,643840.0786680356
3565,315919.99638445675
3566,391111.55825845146
3567,609032.8847382292
3568,364025.4000259041
3569,373630.3637441993
3570,342212.16447110474
3571,617499.9196399449
3572,407499.48076754814
3573,502930.63346531993
3574,1044568.0569065064
3575,790460.597702734
3576,788379.2389761059
3577,258926.91693600264
3578,554381.73999805
3579,477756.79772453767
3580,402189.2297661975
3581,660502.05598554
3582,965567.8218337743
3583,350685.51043340564
3584,1001488.4640755429
3585,554581.9462912008
3586,226769.81882303208
3587,635313.1584920436
3588,67767.47959387302
3589,376984.37859543413
3590,438373.1687644124
3591,538067.0362610519
3592,898286.1984208002
3593,355348.09696254134
3594,261798.52101541316
3595,534569.93296884
3596,493453.3282058761
3597,361020.33855146915
3598,428381.9987107962
3599,425001.6741519272
3600,579272.1774593517
3601,392716.04799174523
3602,1075878.2934902532
3603,390811.0703269243
3604,706651.7686741874
3605,859196.1151187719
3606,134823.26814752817
3607,1144771.4613183737
3608,916155.235659994
3609,294590.52522805333
3610,383023.0990662947
3611,560540.2215572223
3612,1009000.4816049486
3613,283330.74102617794
3614,464930.6500218512
3615,482861.11297780287
3616,107736.38571681082
3617,273818.19596890366
3618,317316.92080865795
3619,723754.8459559156
3620,256873.01472473887
3621,399010.0453581661
3622,338933.45433937013
3623,263261.9434650764
3624,399419.1723859161
3625,192795.9188330546
3626,365109.8559146746
3627,419080.7173507661
3628,358337.20032311976
3629,371656.3573876768
3630,1452884.8864901362
3631,1182448.6644394398
3632,402051.0577388777
3633,1648057.2579280287
3634,225629.8454448953
3635,49136.34747390449
3636,454974.6734171287
3637,762792.1414700449
3638,311141.8417151868
3639,476307.0698945821
3640,386761.66133902967
3641,204354.1455290839
3642,120713.38288333266
3643,895803.6877855436
3644,994904.6890553534
3645,479763.1717388852
3646,350196.42964722216
3647,389648.6960555986
3648,310023.2114678845
3649,605878.7745080963
3650,1104387.7149115428
3651,415721.07021389157
3652,398596.5545187965
3653,341090.01074533904
3654,818894.8096608518
3655,761399.6575410737
3656,195022.86416163293
3657,309728.7515830397
3658,595649.9271975831
3659,519125.5418264865
3660,419280.5307254121
3661,601477.1210491881
3662,384303.8114184289
3663,495082.04180843383
3664,415429.6563644781
3665,480692.08496432006
3666,826632.3025679587
3667,427154.8999082446
3668,200630.30945489556
3669,378326.9952285141
3670,378353.272585988
3671,396697.36088162655
3672,-54665.26494577526
3673,309566.75198252493
3674,468888.62186562264
3675,249182.81494474402
3676,1074245.326557763
3677,865513.2653660402
3678,329649.75404119486
3679,-51016.54228428751
3680,414635.1438837051
3681,613607.5060383453
3682,341657.23005870724
3683,1441215.5056381375
3684,712139.8930276781
3685,876240.1447405369
3686,500598.03885705763
3687,265947.01851891726
3688,314589.50773034245
3689,486813.53194233024
3690,394114.07944116
3691,930598.598552607
3692,1036082.4582092836
3693,178105.81507956982
3694,316306.23471339047
3695,299234.50634305924
3696,359549.3069258407
3697,612304.8553991094
3698,853216.995721668
3699,600585.2251402289
3700,424567.6158612818
3701,659304.1507461743
3702,580774.1482133269
3703,669751.939180769
3704,650392.051688403
3705,428234.8005845994
3706,1420510.330969475
3707,1046915.2968175708
3708,607163.9510271772
3709,320320.3255839199
3710,390531.0835655108
3711,878925.4589691609
3712,424630.90824057156
3713,414060.30676554143
3714,355549.64965260774
3715,422109.52280085534
3716,306179.70185517514
3717,370338.56762934476
3718,555291.2652986199
3719,822130.5802789108
3720,591701.9602913857
3721,779515.4174244179
3722,676490.9533825517
3723,882696.8676618113
3724,170402.12329807875
3725,273373.37658733875
3726,309988.6393995583
3727,480432.53123100096
3728,308780.6279916242
3729,336835.9282400012
3730,380338.72686724365
3731,433742.5922693984
3732,588282.2647675051
3733,237950.6222934499
3734,1080430.5510752425
3735,518517.8000944628
3736,546686.5515758544
3737,358143.0553651452
3738,232894.06954157355
3739,326859.0116113499
3740,842074.3129443005
3741,425441.72688733786
3742,584172.1435607673
3743,1023841.8413748294
3744,880806.2627868353
3745,567582.6390326767
3746,613141.7046302482
3747,211275.4522578195
3748,114148.32687202097
3749,438948.6088830977
3750,1465652.4305795804
3751,373473.6870744601
3752,119893.01648518447
3753,305514.24964381004
3754,327834.8617934063
3755,539729.9051932916
3756,426243.44685484475
3757,259826.85205046085
3758,569627.7272502854
3759,844444.315012075
3760,2122886.1710684965
3761,363859.9224722386
3762,948637.4201309978
3763,739252.5826800391
3764,648914.1539838612
3765,578410.1162378639
3766,125729.50025417656
3767,995501.0346518235
3768,331074.8238715753
3769,783008.8057590945
3770,731851.0948231592
3771,354940.14628934115
3772,628965.4732159227
3773,666734.0378774406
3774,870120.6614657342
3775,157390.00465163589
3776,846867.4983025863
3777,324343.3422992155
3778,375803.95936385536
3779,421813.13245522976
3780,188251.86201576891
3781,597231.2176006809
3782,789283.1843743026
3783,697023.5472646952
3784,453016.5121256039
3785,497300.5596880094
3786,442573.0922751725
3787,374496.78657817096
3788,312467.63875892764
3789,302882.9273343682
3790,345656.53353186697
3791,372180.435026802
3792,847635.8915310055
3793,416172.5449799225
3794,631136.3135549502
3795,587642.1834400668
3796,330407.3752051293
3797,81334.58552443236
3798,684606.5926621482
3799,401616.0495921149
3800,777613.9615493716
3801,633259.329426907
3802,175283.040111579
3803,181344.76457411048
3804,636175.0569297001
3805,100549.61611904949
3806,603201.5372587292
3807,895891.8176020904
3808,462916.9147234932
3809,420816.5564197376
3810,610674.0532279685
3811,336479.6347456649
3812,769287.6893447934
3813,661435.0701399669
3814,525412.2947100325
3815,1047373.7226668895
3816,212651.7500458211
3817,326046.226363428
3818,476789.9710375815
3819,291745.47777295107
3820,340107.8957488834
3821,586261.2803714499
3822,468087.38563195616
3823,406416.4196705446
3824,1032573.3256823272
3825,355099.55258671194
3826,450596.2955106646
3827,307237.4639360532
3828,848039.9499237537
3829,732484.1239020973
3830,944393.953373708
3831,457856.67683272803
3832,762515.5933280216
3833,561763.4830572829
3834,119274.26481127739
3835,603635.9092113227
3836,396614.0380604045
3837,183762.4881246909
3838,775590.3586090282
3839,332647.52124515176
3840,609703.3983420582
3841,637729.5054409729
3842,329587.57543963194
3843,621270.6234942898
3844,487163.58041805757
3845,280518.2823244929
3846,578503.1374353989
3847,263910.67075955117
3848,543636.6543118879
3849,263555.92149077356
3850,122347.26926364005
3851,1158244.1596546767
3852,586458.5406374633
3853,924718.267333403
3854,841373.7854674681
3855,955692.4370672255
3856,683537.2263870239
3857,953303.4826543254
3858,1223586.457118742
3859,1038851.1813515126
3860,1205836.698008917
3861,171957.0079978257
3862,436981.8882221207
3863,710709.5387035683
3864,1040545.6004514915
3865,232953.65645220128
3866,295014.11394529045
3867,624350.6842782049
3868,1030600.67794168
3869,392485.71367537224
3870,496112.1906329691
3871,472776.2405208646
3872,992331.8193207756
3873,1079068.760110162
3874,373653.6691726446
3875,729683.9269665256
3876,1110485.2548630983
3877,40811.83984827995
3878,511445.0248544664
3879,983619.1656726596
3880,215524.50750909
3881,731393.087466359
3882,642917.8196975291
3883,607787.3841798156
3884,656963.1208848133
3885,983339.9925419538
3886,569732.1014293432
3887,602696.5929159597
3888,823279.6764191315
3889,779061.9996839537
3890,325910.23973196
3891,746674.9244378805
3892,146722.39567717165
3893,385354.37458108366
3894,392318.1813529432
3895,251017.95278173688
3896,680375.1660140158
3897,266205.52001773566
3898,575584.0622590183
3899,457144.2823615745
3900,438003.09131279594
3901,402443.6268973053
3902,726378.7213383691
3903,497230.1536271572
3904,451748.6724227666
3905,491026.7359857113
3906,805487.7097347601
3907,417473.1604398713
3908,472767.46083419776
3909,453877.78781516093
3910,456577.1083452404
3911,1960304.644777026
3912,673416.0155899824
3913,376529.3173967972
3914,872416.3304049969
3915,453852.7687062621
3916,505083.0575822145
3917,757169.3469045012
3918,1225900.4624591023
3919,364731.3133291304
3920,397034.84242842346
3921,262165.6143607646
3922,404059.6343410239
3923,660517.077032104
3924,745215.3921284378
3925,232798.05290159586
3926,245559.2103781178
3927,366676.3948978931
3928,323912.19153783476
3929,814750.568288073
3930,317720.4403914437
3931,171950.82716508952
3932,246750.52668131888
3933,503062.9491638913
3934,414299.53825569147
3935,564232.6647852436
3936,379905.69859647006
3937,1070253.6911204683
3938,232467.45329041776
3939,498586.4567400068
3940,361473.14474452287
3941,508970.40077982843
3942,187437.40727497637
3943,576671.2983712779
3944,594992.9533858447
3945,719276.4374120831
3946,263883.87643012404
3947,834529.9653110801
3948,139110.39930919555
3949,250508.69156211618
3950,580786.0512738004
3951,299568.69074780494
3952,312884.5671374649
3953,736195.0731317921
3954,469337.1170987636
3955,400755.94707833976
3956,492581.9304420054
3957,450661.54461386806
3958,746104.5881315544
3959,624776.6879177542
3960,626038.7194543256
3961,613731.4906513989
3962,174914.25396429002
3963,479901.0331261232
3964,928368.6346508414
3965,565856.6947453544
3966,-5384.644903063775
3967,587566.8028406948
3968,1419787.4980740694
3969,553055.907391794
3970,697633.545837678
3971,819097.0344558656
3972,497777.50141135603
3973,493391.32877738023
3974,545503.0489174202
3975,562013.7419897243
3976,488134.56873910135
3977,489533.0366514848
3978,474009.77532658726
3979,365937.161363028
3980,406966.9713857396
3981,402009.467889227
3982,384789.35040710116
3983,760620.8899474739
3984,487434.0883733257
3985,707077.5047599076
3986,357017.9056497887
3987,356909.21030393994
3988,291024.2089995146
3989,323426.68066432327
3990,394166.3820284232
3991,438713.8775190935
3992,608130.7091110273
3993,1113597.7124690786
3994,571603.7610519081
3995,353507.348828882
3996,333236.19800718874
3997,661516.2821552604
3998,733591.8451577201
3999,357789.59352656454
4000,553927.0870685354
4001,392697.25266751647
4002,246658.17196673894
4003,360752.6425228193
4004,731596.1840864493
4005,141232.14680282027
4006,567781.9943686947
4007,593044.7646528633
4008,440390.8019829765
4009,301912.83254209906
4010,273039.2940767631
4011,628268.237544246
4012,405875.67664302886
4013,257987.96389356253
4014,548322.0043860449
4015,359595.7879776135
4016,376139.8560465946
4017,295071.12104985863
4018,431356.0264141485
4019,644960.2564818189
4020,1430429.4870421442
4021,425333.4710816965
4022,523921.2072139977
4023,687100.9672280028
4024,629248.932110548
4025,320788.73912425333
4026,1132605.5905958414
4027,592560.828632243
4028,729587.8791426419
4029,542314.1268567592
4030,748298.94859533
4031,1219331.821170285
4032,887602.656590335
4033,1022144.3638676853
4034,271686.3175966516
4035,686136.4094480127
4036,146700.4546463862
4037,870655.3337756395
4038,910652.0231284274
4039,435457.65796196467
4040,702763.6758759916
4041,287732.39176990086
4042,330897.5260652527
4043,1583604.0468894094
4044,298661.47609601164
4045,198598.96107573062
4046,645019.8599704355
4047,392215.47188350564
4048,245420.7798781097
4049,418671.9252190068
4050,371795.9553399235
4051,790306.0611015782
4052,623332.6204974725
4053,564886.8720865772
4054,1787578.3915762457
4055,744880.316142149
4056,861026.9636446609
4057,407443.5739498064
4058,471061.78541803354
4059,488678.9589084461
4060,755774.261600375
4061,72687.9440400675
4062,447148.9444141239
4063,660169.6349223778
4064,596413.3246516734
4065,903839.9715167059
4066,286355.1588004455
4067,723073.7102983518
4068,540753.0386260897
4069,767497.4156012012
4070,134554.27482109517
4071,663456.0909369513
4072,332666.74196475
4073,556881.4346118867
4074,379540.5798776448
4075,345124.4527189508
4076,302191.1312572658
4077,835590.411896877
4078,1197778.810666956
4079,565498.7787118481
4080,342926.60367997736
4081,445862.9055139944
4082,1194032.0899979621
4083,237118.88680987057
4084,758205.7402012274
4085,1025663.0025934653
4086,223800.52544514835
4087,312345.88432804495
4088,307940.5842241346
4089,457507.7757597491
4090,542374.0288702324
4091,299094.6650764868
4092,439395.01102592796
4093,1096741.6067400202
4094,448306.02982894325
4095,422449.3986912519
4096,95793.97601246086
4097,332669.2159944474
4098,364026.5202033818
4099,380625.63658600306
4100,345140.5287809223
4101,201185.8827105686
4102,357808.1548360214
4103,403821.59380643803
4104,986672.5083946434
4105,573599.8623466344
4106,621880.4889719114
4107,369825.00066148484
4108,294129.3034163937
4109,793229.9203105496
4110,233018.70901521298
4111,290101.4810482412
4112,249490.70173812652
4113,879510.6885870694
4114,350359.80418407166
4115,465129.2263571546
4116,378806.8109892532
4117,333087.0612165034
4118,554874.5662382394
4119,360729.5598668307
4120,923517.7043986245
4121,252408.6435328722
4122,275211.45232588047
4123,800593.8204297422
4124,840500.5121127516
4125,334440.17896869034
4126,407859.31637655204
4127,476700.2567561343
4128,776147.1158672943
4129,603429.7201057151
4130,189376.2503852025
4131,418753.13660471136
4132,202837.34764771163
4133,573846.3050716968
4134,1162138.1164859682
4135,860217.215724133
4136,837694.4799025805
4137,472387.0317804962
4138,457536.4198304116
4139,283101.2261198014
4140,545316.8896724881
4141,794562.9906204268
4142,649412.2565066217
4143,728015.0908756776
4144,467748.83786243194
4145,517082.1841581687
4146,479251.6765211821
4147,306416.57926706225
4148,488134.2122631893
4149,549334.1222726627
4150,355353.0577992946
4151,1039570.9236440881
4152,497119.34939625126
4153,381460.93466473365
4154,340260.23449248075
4155,551789.0562177001
4156,313962.3307683169
4157,303340.3454372063
4158,442963.61921712756
4159,617076.1766557992
4160,829713.043070674
4161,44367.56803768128
4162,378277.3228200153
4163,301281.2335322425
4164,384397.3435545117
4165,352241.69849870354
4166,345055.837747179
4167,582752.889276728
4168,422904.85306788236
4169,386916.3042279333
4170,1081510.661350213
4171,654322.9507909269
4172,415989.3322795928
4173,255418.30629464984
4174,546886.1574859768
4175,787872.5918667839
4176,459201.025356032
4177,1371764.0197100788
4178,819978.7998116761
4179,987550.7857625858
4180,67302.46109685302
4181,750090.5415931195
4182,291760.1204606668
4183,1003606.2049977185
4184,417863.83667780453
4185,279391.9426655099
4186,374521.06323736906
4187,832112.1610429958
4188,734292.8280194028
4189,303177.4382607341
4190,391949.5881811081
4191,536300.406815797
4192,727651.7536124736
4193,463676.72132594883
4194,1026852.318869531
4195,1226221.5862124187
4196,1208486.080085896
4197,657558.0526284649
4198,760109.4467836692
4199,359549.0065049082
4200,639591.8962109089
4201,438450.33440413326
4202,502083.0434593782
4203,689387.4841345027
4204,1129727.3439078927
4205,714342.7273140997
4206,727714.4243341908
4207,396459.1300411075
4208,413210.1590907945
4209,997364.5439525393
4210,572669.6602351665
4211,1075838.3231171146
4212,360619.67356222117
4213,694201.9879259616
4214,837949.293940179
4215,1341372.0206188634
4216,1951682.0173245852
4217,369660.0508161336
4218,459517.745866254
4219,571377.2248370573
4220,384402.05524419993
4221,591840.6019576564
4222,238745.32892869407
4223,596014.570502311
4224,1171535.284864165
4225,901692.1853661686
4226,363382.5766152069
4227,415517.6096370741
4228,447660.79531528056
4229,368135.92571599036
4230,1276915.4883531108
4231,1375071.5428683385
4232,337274.3184074015
4233,623321.6545343921
4234,1008990.3547372892
4235,1235958.0388180094
4236,158638.2977476418
4237,650046.2382189631
4238,443418.48003031313
4239,806361.2238145695
4240,1408195.6325545236
4241,183804.30684972557
4242,1289014.654194884
4243,672452.8739349991
4244,422234.36971919984
4245,200684.8499821946
4246,299748.9581353739
4247,413945.4081727042
4248,228445.21862372008
4249,454258.65979300445
4250,1267895.8920247555
4251,225292.49997155368
4252,679347.4697263836
4253,327321.73113077134
4254,552144.4404324517
4255,364676.81493774056
4256,669235.6180535032
4257,398103.9996429384
4258,698901.1006651968
4259,363128.4701517075
4260,198994.47233665732
4261,1252898.9760603455
4262,445484.04856771237
4263,451142.9757375196
4264,438588.691912882
4265,300826.88956177235
4266,400633.6765644476
4267,392367.15044932807
4268,461506.7777892499
4269,360752.8318719715
4270,770566.129045136
4271,1113503.0406738743
4272,707965.0446360706
4273,405316.6331289411
4274,692087.2498936877
4275,251691.75429874656
4276,434026.60309959203
4277,571742.7247025744
4278,1057421.3253689408
4279,359550.0079080165
4280,288142.2951855585
4281,645023.0764312297
4282,276939.87832327187
4283,896183.9537961037
4284,491813.2370173261
4285,476529.4722001256
4286,2078148.887890294
4287,497930.0068543255
4288,177287.65249589086
4289,687477.9433856233
4290,672217.1286920682
4291,684074.1793833524
4292,399089.25077069557
4293,372539.66307953
4294,252259.55982281265
4295,197484.75812917948
4296,447310.26272709674
4297,433220.5936381221
4298,348329.74657580256
4299,431405.9926947132
4300,1359677.8790785521
4301,542556.2794860378
4302,381364.8164357767
4303,1198782.9759439826
4304,419451.2943263725
4305,472131.9721658826
4306,779635.2964626849
4307,999208.4619079751
4308,654822.9850753099
4309,1031105.5412979722
4310,1285692.7653184978
4311,432133.4360219389
4312,-23644.779473789036
4313,484065.1252078339
4314,340653.5103002116
4315,631985.7566734104
4316,841288.3443800582
4317,347428.3600197062
4318,464853.3533936664
4319,456640.17841642344
4320,158427.48453669995
4321,451524.6096703559
4322,149306.97073099014
